chr	start	stop	strand	SRR5720118	SRR5720119	SRR5720121	SRR5720122	SRR5720123	SRR5720124	SRR5720125	SRR5720126	SRR5720127	SRR5720128	SRR5720129	SRR5720130	SRR5720131	SRR5720132	SRR5720133	SRR5720134	SRR5720135	SRR5720136	SRR5720137	SRR5720138	SRR5720139	SRR5720140	SRR5720141
chr1	5093362	5133262	+	0	0	0	0	0	0	0	0	0	0	0	0	7	6	0	0	0	0	0	0	6	0	0
chr1	7120193	7120615	+	0	44	19	6	27	31	24	0	13	20	15	19	39	52	0	6	16	19	22	0	31	33	11
chr1	8583204	8607152	-	0	6	0	0	0	0	0	0	7	6	0	0	0	0	0	0	0	0	0	0	7	0	0
chr1	10074859	10085952	+	0	0	12	0	0	0	0	0	0	0	6	0	0	0	0	0	0	0	6	0	0	0	6
chr1	10477024	10488949	-	0	0	28	0	0	0	0	0	0	0	23	0	0	0	8	0	0	0	22	0	0	0	10
chr1	11747964	11829891	+	0	0	0	0	0	6	0	0	8	0	0	0	0	6	0	0	0	0	0	0	0	0	0
chr1	13221306	13224713	-	0	0	0	0	0	0	0	0	0	0	6	6	0	0	0	0	0	0	0	6	0	6	0
chr1	13221306	13286025	-	0	19	0	13	13	14	0	23	15	22	15	42	24	35	0	18	23	9	20	29	48	20	6
chr1	16345703	16509408	-	0	7	0	0	0	0	0	0	0	10	0	0	0	0	0	0	0	0	0	0	0	7	0
chr1	16440322	16509408	-	0	49	28	7	23	18	0	18	11	14	18	27	38	52	0	17	14	11	21	19	51	22	16
chr1	16581926	16602353	-	0	0	0	0	6	0	0	0	6	0	0	13	9	12	0	9	0	0	7	0	0	0	0
chr1	22346292	22379540	-	44	114	23	87	35	38	0	101	37	36	15	191	72	82	0	132	30	41	9	96	58	30	9
chr1	22346292	22397563	-	8	17	0	17	6	7	0	17	6	8	0	29	0	7	0	12	0	7	0	23	15	0	0
chr1	22373343	22379540	-	98	49	18	59	22	15	0	129	24	29	13	159	27	39	0	112	19	22	11	99	48	17	9
chr1	22373343	22397563	-	0	27	0	49	17	0	0	38	7	8	0	62	10	14	0	40	6	6	0	43	13	8	0
chr1	22533398	22538623	-	47	43	8	82	23	16	0	101	15	16	8	175	27	46	6	124	12	18	11	99	28	15	0
chr1	24044113	24086611	-	0	13	13	6	0	0	0	0	0	10	0	6	11	12	0	0	0	7	10	0	18	0	0
chr1	24085410	24086611	-	0	0	19	0	0	6	0	10	0	0	7	8	0	9	0	12	0	0	9	6	0	11	8
chr1	25126640	25131401	-	0	16	16	10	9	7	0	21	0	6	13	30	8	15	0	0	0	14	7	24	13	0	9
chr1	25221759	25228547	-	0	26	15	29	12	7	0	31	11	11	10	59	21	27	0	16	6	8	6	27	33	11	0
chr1	25531869	25559865	-	0	9	0	0	0	0	0	6	0	0	0	10	0	8	0	6	0	0	0	12	0	0	0
chr1	25547415	25559865	-	0	0	0	0	0	0	0	9	0	0	0	8	0	7	0	11	0	0	0	13	0	0	0
chr1	34223803	34229246	+	0	0	0	0	0	0	0	7	0	0	0	18	0	0	0	0	0	0	0	7	0	0	0
chr1	36815454	36823153	-	0	0	9	0	0	0	0	6	0	0	0	0	0	7	0	0	0	0	0	0	0	0	0
chr1	37490259	37498740	-	0	0	0	0	0	0	0	6	0	0	0	0	0	13	0	8	0	0	0	0	8	7	0
chr1	37801719	37811027	-	0	0	0	0	7	0	0	0	0	0	7	0	0	8	0	0	0	0	0	0	0	0	7
chr1	37801719	37819640	-	0	6	10	0	0	0	0	0	0	6	0	0	0	0	0	0	0	0	0	0	8	0	0
chr1	38053615	38085652	-	0	10	12	19	0	11	0	19	8	6	0	25	0	13	0	0	6	0	7	11	12	8	0
chr1	38107567	38108467	-	0	7	0	7	8	0	0	6	9	6	6	16	7	10	0	12	0	7	7	0	0	0	0
chr1	39263318	39300733	+	0	0	0	0	0	0	0	0	0	0	0	0	21	0	0	0	0	0	0	0	20	9	0
chr1	43790463	43807377	-	0	10	7	0	0	0	0	0	0	0	0	0	0	6	0	0	0	0	0	0	9	0	0
chr1	52188678	52215694	-	0	0	0	0	0	0	0	7	0	0	0	15	0	0	0	6	0	0	0	7	0	0	0
chr1	52212202	52215694	-	0	0	0	6	10	0	0	10	0	6	0	17	0	9	0	0	0	0	0	7	6	0	0
chr1	52479237	52490755	-	0	14	20	22	13	12	0	32	15	16	12	42	14	27	0	17	10	8	21	26	20	16	0
chr1	52489920	52490755	-	0	0	0	0	0	0	0	6	6	0	0	6	0	8	0	0	0	0	0	0	0	0	0
chr1	52708163	52709755	-	0	13	7	21	6	9	0	20	9	11	10	58	16	18	0	16	0	6	9	33	32	9	8
chr1	53256628	53282092	-	0	9	19	81	26	28	0	111	15	17	16	222	34	46	0	64	11	13	16	91	25	18	0
chr1	53865040	53914632	-	0	8	0	0	0	0	0	0	0	0	0	0	0	6	0	0	0	0	0	0	10	0	0
chr1	58548638	58558057	-	0	0	0	0	0	0	0	7	0	0	0	10	0	8	0	0	0	0	0	0	0	0	0
chr1	59191888	59199191	-	0	0	0	49	8	0	0	75	0	0	0	124	6	14	20	52	0	0	6	57	13	0	0
chr1	64550848	64576329	+	25	0	0	0	0	0	0	0	0	0	0	7	0	0	0	0	0	0	9	0	0	0	0
chr1	66772905	66802168	-	0	7	0	7	0	11	0	0	0	9	0	18	9	13	0	8	0	8	0	8	10	7	0
chr1	87364103	87374111	+	0	7	0	0	0	0	7	6	0	0	0	6	0	0	0	0	0	0	0	0	0	0	0
chr1	87364103	87380008	+	0	203	79	65	91	77	0	90	69	87	70	198	85	154	14	97	52	98	73	90	126	57	41
chr1	87880367	87881939	+	0	9	8	18	0	6	0	31	0	0	0	63	0	16	0	36	0	0	9	38	0	0	7
chr1	87915099	87918721	+	0	0	0	0	0	6	0	0	0	0	0	16	0	0	0	0	0	0	0	8	0	0	0
chr1	89663660	89671271	+	0	0	6	0	0	0	0	8	0	0	6	10	0	6	0	0	0	0	0	0	0	0	0
chr1	91384564	91385346	-	0	0	0	0	0	0	0	7	0	7	6	7	0	6	0	0	0	0	0	7	0	0	0
chr1	92148255	92148494	-	0	0	7	0	0	0	0	0	0	0	7	8	7	0	0	0	0	0	0	0	0	0	0
chr1	110098270	110108955	+	0	0	0	8	0	0	0	12	0	0	0	13	0	0	0	0	0	0	0	9	0	0	0
chr1	119706154	119765922	-	0	0	0	0	0	0	0	0	0	0	0	7	0	6	0	0	0	0	0	0	7	0	0
chr1	119741354	119765922	-	0	0	0	7	0	0	0	9	0	0	0	0	0	0	0	0	0	0	0	0	7	0	0
chr1	123384284	123398628	-	0	0	10	0	0	0	0	0	0	0	11	0	0	0	0	0	0	0	0	0	8	0	6
chr1	128151743	128153399	+	0	0	0	6	0	0	24	8	0	0	6	12	7	17	0	0	9	0	7	0	14	6	0
chr1	128190637	128197097	+	0	21	6	0	0	0	0	0	7	0	0	0	9	0	0	0	0	0	0	0	6	0	0
chr1	128193459	128223641	+	12	10	0	0	0	7	0	0	6	0	8	11	6	6	0	0	0	0	6	7	7	0	0
chr1	128211204	128223641	+	0	7	0	0	6	0	0	0	6	6	0	0	0	0	0	0	0	0	0	0	10	0	0
chr1	135304429	135309198	-	0	8	0	6	0	0	0	7	0	6	6	9	0	6	10	0	0	0	0	0	11	0	0
chr1	139039999	139062971	+	0	0	0	17	0	0	0	0	20	51	0	54	36	0	0	0	0	0	0	36	61	25	0
chr1	139053345	139062971	+	0	24	0	16	16	16	19	34	18	26	10	34	23	24	0	25	0	8	17	19	27	10	8
chr1	139053345	139110485	+	0	6	0	0	0	0	0	0	6	0	0	0	0	11	0	0	0	0	0	0	0	7	0
chr1	139081172	139110485	+	0	18	6	0	0	11	0	9	0	6	0	7	0	14	0	6	6	0	17	11	12	6	0
chr1	139085882	139110485	+	0	20	0	0	7	10	0	13	0	14	8	0	6	0	0	0	0	0	0	9	18	0	0
chr1	140362948	140383095	+	0	0	0	0	13	19	0	0	0	0	0	0	32	0	0	0	0	0	0	0	0	14	0
chr1	140362948	140450304	+	0	25	0	0	22	13	0	0	17	6	0	0	35	27	0	0	11	0	0	0	42	15	0
chr1	150406461	150407577	+	0	0	0	0	0	0	0	11	0	0	6	7	0	8	0	0	0	0	0	0	6	0	0
chr1	154700370	154725920	-	0	0	0	0	0	0	0	6	0	0	0	14	0	9	0	0	0	0	0	0	0	0	0
chr1	155173985	155197435	+	20	43	33	10	15	19	0	21	17	26	25	25	21	49	9	16	10	17	21	14	31	17	17
chr1	155601453	155624958	+	0	0	6	0	0	0	0	0	0	0	0	0	0	8	0	0	0	0	0	0	7	0	0
chr1	155953153	155962560	-	0	9	16	7	9	0	0	12	0	7	0	17	0	16	7	20	0	7	0	16	8	0	0
chr1	155958560	155962560	-	0	10	6	6	0	0	0	0	7	0	0	11	0	7	0	7	0	0	7	9	9	0	0
chr1	156869440	156907718	-	0	0	0	0	6	0	15	0	0	0	0	0	0	7	0	0	0	0	0	0	6	0	0
chr1	156869440	156907778	-	0	0	7	0	0	0	0	0	0	0	0	8	0	15	0	8	0	0	8	0	10	7	0
chr1	156900585	156907778	-	0	0	6	0	0	6	0	0	0	0	8	9	0	9	0	0	0	0	0	0	6	0	0
chr1	157286730	157299264	-	0	6	0	0	6	0	0	0	0	0	0	0	6	0	0	0	0	0	0	0	0	0	0
chr1	160700711	160702460	-	0	14	7	6	0	9	0	15	0	6	0	23	10	12	0	14	9	6	0	13	8	0	0
chr1	160722132	160740931	-	0	0	0	8	0	0	0	6	0	0	0	20	0	8	0	8	0	0	0	7	0	0	0
chr1	162353519	162355509	-	0	18	7	6	0	0	11	9	7	0	0	16	9	0	0	11	0	0	0	9	10	0	0
chr1	163883382	163888305	+	0	0	7	7	7	0	0	0	0	0	6	0	0	12	10	0	0	0	6	10	10	0	8
chr1	164379358	164403077	+	0	9	0	0	0	0	0	0	0	0	0	0	0	6	0	0	0	0	0	0	6	0	0
chr1	165604609	165608604	-	0	0	10	15	0	7	0	20	0	7	10	35	9	26	15	19	0	0	10	18	12	7	9
chr1	165911287	165913349	-	0	0	0	0	0	0	0	0	0	0	0	6	0	0	0	6	0	0	0	6	0	0	0
chr1	167234691	167237648	-	0	0	0	0	0	0	0	0	0	0	0	11	0	6	0	0	0	0	0	6	0	0	0
chr1	172173942	172187460	+	0	0	0	0	0	0	0	0	0	0	0	13	6	0	0	0	0	0	0	0	6	0	0
chr1	174581915	174612651	+	0	11	9	7	8	10	0	8	7	6	11	8	8	10	9	8	7	0	10	7	17	7	0
chr1	174593060	174612651	+	27	0	7	0	0	0	0	0	0	0	0	10	0	6	0	0	0	0	6	0	0	0	0
chr1	174608381	174612651	+	0	32	50	15	23	23	0	10	22	14	28	34	28	31	36	21	30	18	29	16	27	17	14
chr1	174608381	174647193	+	0	10	0	0	7	7	0	0	0	0	6	6	0	0	0	0	0	0	0	0	0	0	0
chr1	174694186	174699676	+	0	9	11	9	0	0	0	7	0	0	7	10	0	0	0	9	7	0	6	0	0	6	0
chr1	175121727	175153230	-	0	21	24	14	15	15	0	25	20	21	20	32	20	18	0	20	15	9	9	31	23	7	9
chr1	176044834	176090039	-	0	0	0	13	0	0	0	13	0	0	0	10	0	0	8	11	0	0	0	10	0	0	0
chr1	177096966	177109738	-	0	0	0	8	0	0	0	11	0	0	0	23	0	0	0	11	7	0	6	0	0	6	0
chr1	177102961	177131096	-	0	0	0	6	0	0	0	0	0	0	0	6	0	0	0	6	7	0	0	0	0	0	0
chr1	179999361	180040200	+	0	0	0	0	0	0	0	8	0	0	0	9	0	17	0	0	0	0	0	11	15	8	0
chr1	181120354	181123984	-	0	0	0	0	0	0	0	0	0	7	0	10	0	0	0	0	0	0	0	0	7	0	0
chr1	181956393	181961919	-	0	9	13	0	0	0	0	0	0	12	19	14	8	12	0	0	0	0	11	0	12	0	11
chr1	182853956	182858610	+	0	26	13	6	0	7	0	0	11	11	7	9	11	14	0	0	0	9	8	0	11	7	0
chr1	185266900	185267279	+	0	9	7	10	0	6	0	10	0	7	0	14	7	6	0	9	0	0	7	10	6	0	0
chr1	185386245	185397267	+	0	10	10	0	9	0	0	10	9	15	0	9	10	19	8	8	0	0	6	6	16	6	7
chr1	189242886	189258898	-	0	6	0	0	10	0	0	0	0	0	0	0	8	7	0	0	0	0	0	0	9	0	0
chr1	190146951	190162313	-	0	0	0	0	0	8	0	6	0	15	0	10	0	9	0	0	0	7	0	0	0	0	0
chr1	190834005	190899571	-	0	0	6	0	0	0	0	0	0	0	6	0	0	6	0	0	0	0	0	0	0	0	0
chr1	190844486	190899571	-	0	12	0	0	0	0	0	0	0	0	0	7	8	11	0	0	0	0	0	8	6	0	0
chr1	190871591	190888764	-	0	9	0	0	8	0	0	0	0	0	0	0	6	10	8	0	0	0	0	0	0	0	0
chr1	190871591	190899571	-	0	85	47	21	41	29	0	28	35	23	39	49	39	55	0	20	25	23	27	18	68	34	20
chr1	190885333	190899571	-	0	7	10	7	0	0	0	7	0	0	8	18	9	10	0	0	0	6	9	0	10	0	0
chr1	192123538	192126027	-	0	7	0	0	0	0	0	8	0	0	0	17	0	0	0	0	0	0	0	14	0	0	0
chr1	192221332	192242037	+	0	11	0	0	0	0	0	0	0	0	0	10	0	6	0	0	8	0	0	7	16	0	0
chr1	192980345	192986882	-	33	16	11	11	0	0	0	15	0	7	7	21	0	9	0	16	0	0	6	9	12	6	0
chr10	5403840	5426275	-	0	0	15	128	0	7	0	155	0	0	0	203	0	9	0	139	0	0	22	120	0	0	8
chr10	7134521	7154485	-	0	0	0	0	0	0	0	10	0	0	0	10	0	0	0	7	0	0	0	10	0	0	0
chr10	7140318	7154485	-	0	0	0	14	0	0	0	28	0	0	0	36	0	0	0	16	0	0	0	17	0	0	0
chr10	7152863	7154485	-	0	0	0	35	0	0	0	65	0	0	0	85	0	0	0	44	0	0	0	41	0	0	0
chr10	7152863	7160807	-	0	0	0	15	0	0	0	26	0	0	0	26	0	0	0	13	0	0	0	17	0	0	0
chr10	7701609	7703120	+	0	0	0	0	0	0	9	0	0	0	0	13	0	0	0	0	0	0	0	6	0	0	0
chr10	9798121	9800068	-	0	18	12	12	9	8	0	27	18	26	10	36	22	33	0	23	7	8	8	21	22	8	0
chr10	11178733	11185462	+	0	0	0	0	0	0	0	0	0	0	0	10	0	12	0	0	0	0	0	0	10	0	0
chr10	12436280	12455564	-	0	6	6	6	0	0	0	9	0	0	7	10	6	8	10	0	0	0	0	0	19	0	6
chr10	14004200	14066684	+	0	6	8	10	8	0	0	15	6	11	19	18	0	18	0	0	8	0	10	17	23	13	6
chr10	18089447	18096336	+	0	0	6	11	0	6	0	23	0	0	0	24	0	16	0	15	0	0	9	23	15	10	0
chr10	18092844	18094908	+	0	0	0	0	0	0	0	0	0	0	0	12	0	0	0	0	0	0	6	7	0	0	0
chr10	25220610	25289730	-	0	18	6	19	12	8	0	22	8	6	0	31	14	12	0	26	0	8	6	13	13	15	0
chr10	25267307	25289730	-	0	11	7	9	0	6	0	17	7	0	0	13	6	17	0	13	0	11	6	15	18	0	0
chr10	29221785	29222300	+	0	12	9	9	0	0	0	7	0	0	0	11	0	7	0	0	0	0	0	6	7	0	0
chr10	36991756	36993884	+	0	6	0	0	0	0	21	0	0	0	0	0	0	0	0	0	0	0	0	0	7	0	0
chr10	39832517	39846913	+	0	0	6	0	0	0	0	6	0	0	0	0	0	0	0	0	0	0	0	0	6	0	0
chr10	42196465	42197901	-	0	0	7	0	0	0	0	0	0	0	0	7	0	0	0	0	0	0	0	8	0	0	0
chr10	42789299	42797733	+	0	0	0	0	0	7	0	0	0	0	0	13	0	10	0	7	0	0	0	0	0	10	0
chr10	43127778	43160844	-	0	19	0	0	0	6	0	0	7	11	0	0	8	22	0	0	0	6	0	0	10	8	0
chr10	43393870	43395692	+	0	0	0	0	0	0	0	6	0	0	0	10	0	0	0	0	0	0	0	6	0	0	0
chr10	43393870	43413547	+	0	12	0	0	0	0	0	0	8	15	6	11	8	24	0	0	0	0	8	0	25	0	6
chr10	49355908	49422672	-	0	0	0	9	0	0	0	6	0	0	0	11	0	0	0	0	0	0	0	0	0	0	0
chr10	49523681	49528040	-	0	0	0	0	0	0	0	6	0	0	0	7	0	0	0	6	0	0	0	10	0	0	0
chr10	49523681	49535499	-	0	0	0	15	0	0	0	11	0	6	0	34	0	0	0	16	0	0	0	18	7	0	0
chr10	49523681	49578302	-	16	6	0	11	0	6	0	24	0	7	0	33	10	10	0	16	0	0	0	30	6	0	0
chr10	50748805	50767507	+	66	9	11	0	6	7	0	0	0	0	9	7	0	13	0	0	0	0	6	0	11	0	0
chr10	53674565	53690148	-	0	22	49	26	0	0	0	37	0	7	39	48	9	9	10	28	0	6	27	19	14	9	26
chr10	53694694	53699343	-	13	7	6	0	0	0	0	0	0	0	0	0	0	0	0	7	0	0	0	0	0	0	0
chr10	56177491	56195500	-	0	0	0	0	0	0	0	0	0	0	0	6	6	6	0	0	0	0	6	0	0	0	0
chr10	62776567	62776963	-	0	7	8	6	0	0	0	0	0	0	6	9	0	8	0	0	0	0	0	0	0	0	0
chr10	62832893	62840378	-	0	6	10	0	0	0	0	0	0	0	0	13	0	0	0	7	0	0	0	0	6	0	0
chr10	63289051	63307909	+	0	19	0	0	14	8	0	0	12	9	0	0	12	19	0	0	7	0	0	0	16	9	0
chr10	67157906	67189849	+	0	0	0	0	0	0	0	7	0	0	0	9	0	0	0	0	0	0	11	0	0	0	0
chr10	69994371	69999498	+	0	13	0	0	6	0	0	0	6	17	8	0	0	15	0	0	0	8	0	0	13	0	0
chr10	75245078	75261957	+	0	8	0	6	0	0	0	0	0	0	0	9	0	7	0	9	0	0	0	8	0	0	0
chr10	75274016	75279961	+	0	11	0	0	7	6	0	0	6	9	0	10	0	7	0	0	0	0	0	0	0	0	0
chr10	76797794	76800914	-	0	0	7	0	0	0	0	0	0	0	0	0	0	7	0	0	0	0	0	0	0	0	8
chr10	84947411	84948020	+	0	0	18	0	0	0	11	15	0	0	11	13	0	6	14	0	0	0	21	13	10	0	0
chr10	89068099	89088293	-	0	0	9	0	0	0	0	0	0	0	9	0	0	11	0	0	0	0	8	0	0	0	0
chr10	89112790	89125224	-	0	9	0	0	0	0	0	0	0	0	0	0	0	9	0	0	0	0	10	0	0	0	6
chr10	89787104	89794624	+	0	7	0	0	8	0	0	0	0	0	0	7	0	6	0	0	0	0	0	0	6	0	0
chr10	90042545	90077142	+	0	8	0	0	0	6	0	13	0	0	0	15	0	0	0	10	0	0	0	11	0	0	0
chr10	90049815	90077142	+	113	48	13	47	22	9	0	68	15	14	9	132	27	27	0	59	7	18	11	59	27	12	8
chr10	90069467	90077142	+	118	135	59	249	71	44	32	371	59	58	28	721	81	94	0	325	40	43	40	310	100	45	18
chr10	90069467	90163304	+	0	10	0	10	9	0	0	25	0	0	0	44	0	9	0	14	0	0	0	19	0	0	0
chr10	90510595	90577195	+	0	0	0	0	0	0	0	0	0	0	0	20	0	0	0	10	0	0	0	11	0	0	0
chr10	90914692	90948672	+	0	0	0	0	0	0	0	0	0	0	0	0	6	6	0	0	0	0	0	0	6	0	0
chr10	90914695	90948672	+	0	0	0	0	0	0	0	0	0	0	0	10	0	14	14	0	0	0	0	0	17	0	0
chr10	93221586	93239043	+	0	0	0	13	0	0	0	0	0	0	0	29	0	9	0	12	0	0	0	19	0	0	0
chr10	105303593	105323637	-	0	0	0	0	0	0	0	6	0	0	0	7	0	0	0	7	0	0	0	0	0	0	0
chr10	105413216	105413787	-	0	0	0	8	0	0	0	11	0	0	0	16	0	0	0	11	0	0	0	9	0	0	0
chr10	108627252	108642398	-	0	0	0	0	6	0	0	0	0	0	0	0	0	6	0	0	0	0	0	0	0	6	0
chr10	114444678	114487006	-	0	0	0	12	0	0	0	0	0	0	0	15	0	0	0	11	0	0	0	7	0	0	0
chr10	116177717	116188468	+	0	0	0	10	0	0	0	11	0	0	0	21	0	0	0	0	0	0	0	10	0	0	0
chr10	116517316	116549175	-	0	0	0	7	0	0	0	6	0	0	0	14	0	0	0	0	0	0	0	0	0	0	0
chr10	117355934	117367988	-	0	21	14	0	14	0	0	11	13	15	12	12	15	16	0	10	0	12	12	0	22	13	0
chr10	119929900	119945171	+	0	0	9	0	0	6	0	0	0	8	14	0	0	22	0	0	0	14	6	0	9	7	0
chr10	120035350	120038793	+	0	7	0	0	0	6	10	0	0	0	7	0	7	6	0	0	0	0	0	0	11	0	0
chr10	121288879	121306883	-	0	10	0	0	6	0	0	0	0	0	0	0	8	0	0	0	0	0	0	0	11	0	0
chr10	121925815	121931509	-	0	0	23	0	0	0	0	6	0	0	15	7	0	0	0	0	0	0	14	0	9	0	10
chr10	122904091	122920845	+	0	6	0	0	0	0	0	0	0	0	0	0	0	9	0	0	0	0	0	0	7	0	0
chr10	123146793	123181800	-	0	9	0	0	7	0	0	0	0	0	0	8	0	9	0	0	0	0	0	0	6	0	0
chr10	125294594	125302081	-	0	6	0	0	0	0	0	0	6	0	0	0	8	0	0	0	0	0	0	0	9	7	0
chr11	4517740	4531305	-	0	13	0	11	0	11	0	7	0	8	7	28	12	22	0	7	0	0	7	11	11	0	0
chr11	4803677	4820493	-	0	7	0	0	0	0	0	0	0	7	0	6	0	9	0	0	0	0	0	6	0	0	0
chr11	6193153	6193476	-	0	13	10	9	0	0	0	0	0	8	0	7	0	0	0	0	0	0	8	0	0	0	0
chr11	6313787	6317080	+	0	10	6	6	0	0	0	22	0	0	0	20	0	8	0	14	0	0	0	10	6	0	0
chr11	7078887	7109112	+	0	11	0	26	0	11	0	35	0	16	0	75	0	25	0	29	0	16	0	39	0	10	0
chr11	7130275	7139189	+	0	6	0	0	0	51	0	0	0	12	0	0	0	0	0	0	0	0	0	0	0	0	0
chr11	12343743	12378359	-	0	18	0	0	0	0	0	0	0	0	0	0	6	0	0	0	0	0	0	0	11	0	0
chr11	19998119	20008477	+	0	19	11	18	13	10	0	21	7	12	10	63	10	28	0	22	0	8	12	33	20	8	0
chr11	20703710	20712315	-	0	0	0	0	0	0	0	0	0	0	0	15	0	6	0	0	0	0	0	0	10	0	0
chr11	20725684	20727639	-	0	24	14	25	17	14	0	44	9	7	7	69	9	19	0	23	7	0	7	31	13	7	0
chr11	22053431	22068506	-	0	20	13	10	8	0	0	8	0	13	14	18	9	16	0	10	0	6	15	9	17	14	0
chr11	26397745	26434500	+	0	0	0	0	0	12	0	0	0	0	22	0	0	0	0	0	0	0	0	0	0	13	12
chr11	29400183	29430252	+	0	0	9	0	0	0	0	0	7	0	0	0	0	8	0	0	0	0	12	0	11	0	0
chr11	29482108	29498612	+	0	0	0	0	0	0	0	0	0	0	6	0	6	7	9	0	0	0	7	0	0	0	0
chr11	29705534	29708770	+	0	8	36	18	16	19	0	16	10	9	42	32	15	29	0	20	8	0	63	29	26	13	20
chr11	31055457	31061586	+	0	16	9	23	8	8	0	44	0	10	12	54	8	20	0	29	0	8	8	31	19	0	0
chr11	36273230	36385328	-	0	6	0	0	0	7	0	0	0	0	0	0	0	0	0	0	0	0	0	0	0	7	0
chr11	43704533	43705477	+	0	45	34	41	32	19	0	67	21	37	46	70	27	42	19	35	10	22	30	44	32	27	19
chr11	50301757	50308929	-	0	6	0	0	6	0	0	6	0	6	0	6	8	6	0	0	6	9	0	0	6	6	0
chr11	50307469	50308929	-	0	0	6	0	0	0	0	0	0	0	0	6	6	7	0	0	0	0	0	8	7	0	0
chr11	51729451	51734661	-	0	0	0	6	0	0	0	0	0	0	0	0	0	6	0	0	0	0	0	6	0	0	0
chr11	52236836	52245121	+	0	0	6	7	7	0	0	0	7	0	0	17	7	7	0	11	0	0	0	9	0	0	6
chr11	54543578	54568496	+	0	23	14	13	17	12	0	10	0	17	9	23	7	19	0	18	10	7	12	14	12	8	9
chr11	55296073	55303952	-	0	0	0	0	0	0	0	8	0	0	0	10	0	0	0	6	0	0	0	0	0	0	0
chr11	60270317	60275002	-	0	6	6	6	6	6	0	10	7	12	0	18	7	12	0	0	0	0	9	16	22	7	0
chr11	61532517	61535383	-	21	0	0	6	0	0	0	0	0	0	0	9	0	0	0	0	0	0	0	0	0	0	0
chr11	62117699	62132454	+	0	0	0	6	0	0	0	0	0	0	0	6	0	0	0	10	0	0	0	6	0	0	0
chr11	62146305	62161910	+	0	0	0	18	0	0	0	23	0	0	0	43	8	13	0	20	0	0	0	21	0	0	0
chr11	62283596	62292218	+	0	15	14	9	10	11	0	15	12	16	7	22	16	21	7	13	0	8	8	14	35	15	0
chr11	65706983	65712297	-	0	13	0	6	0	6	0	7	15	9	7	8	8	11	0	7	0	13	10	0	19	0	0
chr11	70874745	70884968	+	0	19	9	10	6	0	0	23	7	9	7	16	0	12	0	20	7	6	8	9	8	7	9
chr11	70874745	70887171	+	0	28	10	0	11	7	0	9	0	7	11	19	11	22	0	15	20	10	24	8	16	0	0
chr11	70874745	70893688	+	0	25	11	7	22	13	0	13	15	12	6	11	16	33	0	16	26	14	8	8	25	8	7
chr11	70874745	70908517	+	0	7	0	0	0	0	0	0	0	0	0	0	0	0	6	0	0	0	0	0	0	6	0
chr11	70917314	70925912	+	0	10	0	0	9	8	0	0	7	10	0	6	8	13	0	0	0	0	0	0	20	6	0
chr11	74928992	74990215	+	0	0	0	0	6	0	0	7	0	0	0	13	0	6	0	0	0	0	0	0	6	6	0
chr11	74945521	74990215	+	0	0	0	0	0	0	0	6	6	0	0	0	0	0	0	0	0	0	0	9	0	0	0
chr11	75390071	75391227	+	0	0	0	7	6	0	18	7	0	10	0	10	0	11	0	8	0	0	7	7	7	7	10
chr11	77571606	77585494	-	0	6	0	6	0	0	0	0	0	0	0	11	0	6	0	6	0	0	0	6	8	0	0
chr11	80056451	80064399	-	0	8	0	0	0	6	0	0	0	0	0	6	0	0	0	0	0	0	0	0	0	0	0
chr11	85077264	85104026	-	0	11	9	0	6	0	0	7	11	11	15	6	12	7	0	0	0	0	0	0	8	0	0
chr11	86661122	86665878	-	0	0	0	0	8	0	0	0	0	0	0	0	6	0	0	0	0	0	0	0	7	0	0
chr11	87146933	87149363	+	0	0	0	8	0	0	0	0	0	0	0	0	0	0	0	0	0	6	0	7	0	0	0
chr11	89042161	89049900	-	0	0	6	10	0	0	0	0	0	0	0	9	0	0	0	9	0	0	0	0	0	0	0
chr11	93905158	93912458	+	0	8	7	0	0	9	0	0	0	10	0	7	0	8	0	0	0	0	6	0	6	7	0
chr11	94036599	94048558	+	0	0	9	0	0	0	27	0	0	0	0	0	0	0	15	7	0	0	0	0	0	0	0
chr11	97229829	97238258	-	0	17	0	11	0	0	0	0	0	10	0	8	0	0	0	0	0	0	6	0	13	8	0
chr11	103046378	103055289	+	0	10	0	0	0	6	0	8	0	13	0	0	0	10	0	0	0	0	0	0	9	8	0
chr11	104350486	104378826	-	0	19	7	7	12	14	0	12	17	13	8	17	20	48	0	12	0	0	6	13	34	16	7
chr11	104356683	104378826	-	0	7	0	0	0	7	0	0	0	6	0	10	7	14	0	6	0	0	0	0	8	6	0
chr11	104368679	104378826	-	0	27	13	6	10	8	0	12	18	20	9	23	29	22	0	13	0	10	13	12	24	14	0
chr11	106110743	106123906	+	0	8	0	0	0	0	0	0	0	10	0	0	10	14	0	6	0	0	0	0	10	0	0
chr11	106566964	106568627	-	0	0	0	0	0	0	0	6	0	0	0	10	0	7	0	0	0	0	0	0	0	0	0
chr11	107592705	107620214	+	0	0	0	11	0	0	0	18	0	0	0	8	0	0	0	13	0	0	0	8	0	0	0
chr11	108434125	108440596	+	0	9	15	0	0	0	0	0	0	0	0	0	0	8	0	0	0	0	15	0	6	0	0
chr11	108664495	108757819	+	0	0	6	0	0	8	0	0	0	0	0	6	6	9	0	0	0	10	0	0	9	0	0
chr11	108664495	108808739	+	0	7	0	0	0	0	0	0	0	0	0	6	0	0	0	0	0	0	0	0	8	0	0
chr11	108923151	108931579	+	0	0	0	0	0	0	0	0	0	9	7	8	0	11	0	0	0	0	0	0	8	9	0
chr11	109971684	109977873	-	0	11	0	9	9	7	0	7	13	15	7	11	9	17	0	0	0	0	0	12	20	18	0
chr11	116262859	116263297	-	0	0	0	0	0	0	0	6	0	0	0	13	0	0	0	9	0	0	0	11	0	0	0
chr12	3237284	3238112	+	0	8	0	8	0	0	0	16	0	0	0	18	0	10	0	14	0	0	0	13	7	0	0
chr12	3442473	3457209	+	0	0	11	0	0	0	0	0	0	0	0	0	0	6	0	0	0	0	0	0	0	6	0
chr12	3617605	3648389	+	0	122	90	113	155	113	50	112	92	127	73	210	155	232	38	82	48	63	89	117	271	133	50
chr12	3617605	3686862	+	0	39	13	9	24	19	0	10	20	22	10	25	30	51	0	6	17	22	8	19	53	27	13
chr12	3632809	3648389	+	32	0	10	23	0	0	0	16	0	0	0	17	11	6	0	7	0	0	0	20	13	0	6
chr12	3835026	3873428	+	0	6	11	0	0	0	0	6	0	0	11	7	9	7	0	0	0	0	0	0	14	0	0
chr12	4762326	4764147	-	0	8	9	10	6	10	0	0	12	0	11	13	15	12	0	6	19	6	15	0	11	8	0
chr12	4961217	5006791	+	0	10	10	7	10	17	0	13	0	7	0	20	9	20	0	9	0	6	8	16	14	6	6
chr12	13482385	13484044	+	0	0	0	8	0	0	0	7	0	0	0	9	0	10	0	0	0	0	0	0	0	0	0
chr12	24878190	24882794	+	0	0	10	0	7	9	0	0	0	12	10	0	6	11	0	0	0	7	18	0	19	10	7
chr12	24878190	24924294	+	0	19	20	0	36	34	0	8	16	42	32	24	47	72	0	6	20	0	34	0	61	44	20
chr12	24878190	24934622	+	0	19	14	0	26	22	0	7	9	19	6	11	26	53	0	0	0	8	18	6	42	23	0
chr12	24878190	24939348	+	0	0	0	0	0	0	0	0	0	0	0	0	7	13	0	0	0	0	0	0	9	0	0
chr12	24994811	24997330	+	0	18	8	0	0	0	0	0	0	7	0	6	0	8	0	0	0	9	0	0	0	0	0
chr12	30257965	30288315	-	0	6	0	0	0	0	0	0	0	0	10	0	0	9	0	0	0	0	8	0	0	0	0
chr12	35078899	35086984	+	0	0	0	0	0	0	0	0	0	0	0	8	0	0	0	0	0	0	6	6	0	0	6
chr12	38793170	38835316	+	0	0	0	0	0	0	0	6	0	0	0	7	0	0	0	0	0	0	0	6	0	0	0
chr12	38827777	38835316	+	0	0	0	9	0	0	0	7	0	0	0	22	0	0	0	0	0	0	0	6	0	0	0
chr12	40631521	40640445	+	0	11	0	0	0	0	0	14	7	9	0	11	0	12	0	8	0	0	0	0	0	6	0
chr12	40668405	40676790	+	0	8	0	9	0	10	0	11	9	12	0	15	7	27	0	15	0	8	0	8	9	13	0
chr12	44295897	44308114	+	0	12	0	0	0	0	0	0	0	0	0	0	0	0	0	0	0	0	0	6	6	0	0
chr12	51619813	51661713	-	0	6	12	17	9	9	0	16	0	0	7	39	11	15	21	15	0	0	20	12	10	9	10
chr12	51621779	51661713	-	0	10	8	15	0	0	0	25	0	7	10	15	7	10	0	13	0	7	10	9	13	0	7
chr12	51627109	51661713	-	0	6	6	0	0	0	0	0	0	0	0	10	0	0	0	0	0	0	0	0	10	0	0
chr12	51647993	51661713	-	0	49	42	15	13	14	0	25	11	12	16	64	17	16	11	31	11	12	26	14	15	6	21
chr12	51655401	51661713	-	0	0	11	0	0	7	0	8	0	6	0	8	0	7	0	0	0	6	8	0	8	0	0
chr12	51716941	51723048	+	0	0	0	0	0	0	0	7	0	0	0	7	0	0	0	6	0	0	0	0	10	0	0
chr12	51772273	51772705	-	0	10	7	0	0	0	0	0	0	0	0	6	0	0	0	0	0	0	0	0	8	0	0
chr12	52937134	52938506	+	0	11	7	6	0	0	0	7	6	11	13	0	6	11	0	8	0	0	0	0	0	0	0
chr12	53139380	53142768	+	0	17	18	9	9	6	0	9	8	10	15	19	16	12	0	12	0	9	21	16	23	13	8
chr12	59050267	59051708	-	0	17	18	9	8	13	0	11	10	8	6	22	9	14	0	16	10	7	15	10	14	0	0
chr12	69320372	69322350	-	0	0	7	8	0	0	0	6	0	0	0	12	0	0	0	0	0	0	0	0	0	0	0
chr12	70078111	70102854	-	0	10	0	0	0	0	0	0	0	7	0	0	0	7	9	0	0	0	0	0	0	0	0
chr12	73167999	73219142	+	0	0	0	0	0	0	0	0	0	0	0	0	0	10	0	0	6	0	0	0	10	6	0
chr12	73926556	73928298	+	0	0	0	0	0	0	0	0	0	0	0	6	0	0	0	0	0	0	0	6	6	0	0
chr12	75087404	75154281	-	0	6	0	0	0	0	0	0	0	0	0	0	0	0	0	0	0	0	6	0	8	0	0
chr12	75114190	75154281	-	0	8	11	0	12	0	0	0	0	0	8	0	8	0	16	0	0	0	9	0	7	0	10
chr12	77277360	77332329	+	0	0	0	0	0	0	0	0	0	0	0	10	0	0	0	7	0	0	0	7	0	0	0
chr12	77323844	77332329	+	0	14	8	31	0	12	0	33	12	12	0	73	7	22	0	37	7	7	6	27	16	11	0
chr12	77331895	77332329	+	0	0	0	18	0	0	0	15	0	0	0	23	0	0	0	16	0	0	0	13	0	0	0
chr12	77331895	77365359	+	0	0	0	9	0	0	0	11	0	0	0	7	0	0	0	12	0	0	0	9	0	0	0
chr12	78590533	78627260	+	0	0	0	7	0	0	0	0	0	0	0	8	0	7	0	0	0	0	0	0	0	0	0
chr12	78590533	78637579	+	0	0	0	9	6	0	0	6	11	11	6	11	10	10	0	0	0	0	8	8	11	0	0
chr12	80397652	80404698	-	31	7	6	0	0	0	0	0	0	0	0	0	0	0	0	0	0	0	0	0	0	0	0
chr12	81314259	81316104	-	0	6	7	11	0	0	0	9	0	7	7	28	6	0	12	13	0	0	7	8	7	0	0
chr12	81474586	81510965	-	0	9	0	0	8	0	0	0	0	0	0	0	11	9	0	0	0	0	0	0	8	0	0
chr12	82340661	82342499	+	0	15	6	8	8	8	0	13	9	0	0	25	0	7	0	11	0	0	8	0	7	0	0
chr12	82357232	82372542	+	0	6	10	0	0	0	18	0	0	0	9	0	0	0	0	0	7	0	13	0	0	0	7
chr12	84124474	84136637	+	0	0	0	0	0	0	0	0	0	7	0	0	0	6	0	0	0	0	0	0	7	0	0
chr12	85028769	85034034	+	0	10	0	6	0	0	0	11	6	6	0	15	6	7	7	0	0	0	0	7	13	0	6
chr12	85863563	85879475	+	59	11	6	10	0	7	0	14	0	0	0	17	0	0	0	9	0	0	0	17	9	0	7
chr12	86256867	86269061	+	0	12	7	0	0	0	0	10	0	0	0	0	6	0	0	0	0	0	0	0	0	0	0
chr12	89187021	89193207	+	0	9	7	0	6	8	0	0	0	0	0	0	0	8	0	0	0	0	9	0	0	0	6
chr12	90199146	90204818	+	0	0	0	0	0	0	0	10	0	0	0	7	0	0	0	12	0	0	0	0	0	0	0
chr12	98489904	98496310	-	0	0	0	13	0	0	0	33	0	0	0	61	0	0	0	29	0	0	7	33	0	0	0
chr12	98489904	98518832	-	0	6	8	31	0	9	0	61	0	9	8	88	8	19	0	46	0	0	9	53	8	0	6
chr12	98518497	98518832	-	0	0	0	6	0	0	0	10	0	0	0	14	0	0	0	6	0	0	0	11	0	0	0
chr12	98792023	98794619	-	0	11	18	9	6	0	0	8	0	6	6	18	0	15	14	9	0	6	14	8	11	7	7
chr12	99388360	99388917	-	0	0	0	8	0	0	0	0	0	0	0	12	0	8	0	0	0	0	0	0	0	0	0
chr12	100403356	100419570	-	0	6	0	0	0	0	0	7	0	0	0	0	0	0	14	0	0	0	0	0	0	0	0
chr12	100595814	100619641	-	0	28	7	10	12	0	0	17	7	7	0	14	14	9	0	14	0	6	9	7	20	6	8
chr12	100615996	100619641	-	0	0	8	6	9	0	0	12	0	7	0	12	9	0	0	9	0	0	0	17	11	0	0
chr12	101883255	101890618	-	0	0	0	0	0	0	0	0	0	0	0	10	0	0	0	10	6	0	0	0	0	0	0
chr12	102991349	103011292	+	0	0	6	0	0	0	0	0	0	0	0	0	0	0	0	0	0	6	0	0	6	0	0
chr12	102991349	103021876	+	27	137	105	45	66	53	26	59	68	66	91	98	101	111	6	34	35	48	84	53	131	80	50
chr12	103011199	103021876	+	0	6	0	0	0	0	0	6	0	7	8	21	0	8	0	0	0	0	0	9	14	0	0
chr12	105799650	105805008	+	0	8	0	0	0	0	0	0	0	0	0	0	0	10	0	0	7	7	0	0	9	0	0
chr12	107989464	107989830	-	0	7	8	0	7	0	0	0	0	11	8	0	0	18	0	0	0	7	6	0	8	6	0
chr12	108157753	108165172	-	0	51	29	15	19	29	0	33	25	23	22	38	34	54	20	13	13	23	17	25	49	14	11
chr12	111592576	111604564	+	0	0	0	0	0	0	0	0	0	0	7	0	0	0	0	0	0	0	0	7	9	0	0
chr12	111592576	111618383	+	0	20	14	0	6	8	0	8	7	12	13	11	8	17	0	13	0	10	9	8	16	6	6
chr12	111858209	111872433	-	0	29	14	0	15	17	0	17	15	37	15	17	24	42	0	9	0	18	10	8	23	18	8
chr12	116317829	116324210	+	0	0	31	0	0	0	0	20	0	25	17	42	0	28	0	0	0	0	23	0	0	19	15
chr12	117911017	117916971	-	0	0	13	0	0	0	0	0	0	0	0	7	0	0	0	6	0	0	7	0	0	0	0
chr13	3556313	3557057	+	0	0	0	8	0	0	0	6	0	0	6	7	0	0	0	13	0	0	7	0	7	0	0
chr13	9560670	9576918	+	0	0	0	0	0	0	0	0	0	0	8	0	0	11	0	0	0	0	0	6	9	0	0
chr13	9710145	9735466	-	0	8	0	6	7	0	18	0	6	0	8	10	13	19	0	0	0	6	0	0	7	7	0
chr13	9720772	9735466	-	0	0	6	0	0	0	0	0	9	0	6	12	10	12	0	11	0	0	9	6	0	0	0
chr13	11680965	11688013	-	0	24	15	29	10	14	0	31	10	19	13	54	18	34	0	51	6	18	10	37	21	20	11
chr13	11759670	11785141	-	19	19	15	17	16	10	0	10	12	17	28	30	14	20	0	19	0	10	15	21	22	13	14
chr13	11769851	11785141	-	0	0	0	0	7	7	0	0	0	6	0	0	7	12	8	0	0	0	0	0	8	6	0
chr13	13803598	13806170	+	0	0	6	0	0	0	0	0	0	0	12	0	0	0	0	0	0	0	0	0	0	0	6
chr13	14285547	14300447	-	0	7	0	0	6	0	0	0	0	0	0	0	0	0	0	0	0	0	0	0	8	0	0
chr13	17738916	17772957	-	0	0	6	0	0	0	0	7	0	0	0	10	0	0	0	0	0	0	0	0	0	0	0
chr13	17750256	17772957	-	0	0	0	0	8	0	0	0	0	0	0	7	0	0	0	0	6	0	0	0	9	0	0
chr13	17763103	17772957	-	0	6	7	10	0	0	0	8	0	0	0	12	0	6	0	16	0	0	8	10	10	0	0
chr13	18810431	18814293	+	0	16	7	0	6	6	0	7	6	6	11	10	0	13	0	10	0	6	0	8	12	12	0
chr13	35790100	35816575	+	0	9	8	0	0	0	0	0	0	0	0	15	15	8	0	6	0	0	0	6	11	0	0
chr13	35815908	35816575	+	46	87	59	97	57	32	50	105	37	44	46	231	66	74	19	102	29	25	50	99	88	23	35
chr13	36232121	36246494	+	0	14	9	6	10	7	0	14	13	20	0	14	12	35	0	0	0	11	0	12	20	10	0
chr13	43094748	43096806	+	0	15	0	0	0	0	0	0	0	0	0	0	10	11	0	0	0	0	0	0	17	0	0
chr13	45697820	45795637	-	0	8	0	0	0	6	0	0	6	7	0	0	7	10	0	0	0	0	0	0	10	0	0
chr13	45697820	45956575	-	0	44	19	8	20	22	0	7	25	23	13	12	21	42	0	7	7	21	22	0	40	27	7
chr13	45735114	45956575	-	0	43	10	0	20	12	0	8	22	31	16	0	22	31	0	0	15	10	15	0	58	27	9
chr13	45795508	45956575	-	0	98	36	6	38	33	23	16	46	47	29	28	60	81	0	9	21	26	27	11	126	45	20
chr13	45852327	45956575	-	21	25	7	0	12	11	22	7	21	23	11	13	28	27	10	0	0	11	11	7	51	10	10
chr13	55050740	55069807	-	0	6	0	7	0	0	0	10	0	6	0	17	0	11	0	6	0	8	0	8	0	0	0
chr13	55233894	55248077	+	59	23	8	12	23	23	0	28	17	20	0	33	12	25	12	19	0	14	11	14	23	12	12
chr13	58191721	58199070	-	0	13	6	0	6	0	0	8	0	0	7	8	11	11	0	0	8	0	0	10	9	7	0
chr13	59460468	59544451	-	0	0	0	0	0	0	0	7	0	0	0	13	0	0	0	7	0	0	0	9	0	0	0
chr13	59495332	59544451	-	0	9	0	10	0	0	0	14	0	0	0	21	0	0	0	13	0	7	0	6	6	0	0
chr13	59512323	59544451	-	0	9	0	9	0	7	0	6	10	0	0	17	0	9	0	11	0	8	0	6	8	7	0
chr13	63061034	63068285	+	0	9	0	0	0	7	0	0	0	6	0	0	0	0	0	0	0	0	8	7	11	6	7
chr13	68887958	68982544	-	0	11	7	0	6	7	0	0	8	0	0	0	0	7	0	0	7	0	0	0	9	6	0
chr13	69512889	69515903	-	0	14	0	0	6	0	11	7	0	0	9	7	0	11	0	0	0	0	7	0	18	9	8
chr13	76756985	76759820	+	0	0	0	12	0	0	0	13	0	0	0	13	0	0	0	12	0	0	7	10	0	0	0
chr13	76756985	76806262	+	0	0	7	0	0	0	0	8	0	0	0	10	0	0	0	0	0	0	0	0	0	0	0
chr13	77066599	77126714	-	0	0	0	0	0	0	0	0	0	0	0	0	0	10	0	0	0	0	7	0	9	0	0
chr13	77316347	77334363	+	0	0	7	0	0	6	0	6	0	0	0	0	0	0	0	0	0	0	0	0	0	0	6
chr13	84251229	84260240	+	0	0	0	6	8	0	0	14	0	0	0	12	0	8	23	7	17	6	8	8	7	0	0
chr13	91524584	91564694	+	0	95	41	15	93	51	0	0	82	84	48	44	76	137	14	17	35	75	55	21	184	87	30
chr13	93341755	93349297	+	0	9	0	0	6	0	0	0	0	0	0	0	0	0	0	0	0	0	0	0	11	0	0
chr13	93341755	93356079	+	0	83	14	13	32	17	0	0	37	24	9	23	40	45	0	9	9	20	12	16	56	17	12
chr13	95746437	95837923	-	0	0	0	0	0	0	0	0	0	6	0	0	0	8	0	0	0	10	0	0	0	8	0
chr13	98074998	98077320	-	0	0	0	0	0	0	0	0	0	10	0	0	0	13	0	0	0	7	0	0	0	7	0
chr13	98266150	98272852	+	0	8	6	0	6	11	0	8	7	9	0	9	10	18	0	9	0	6	6	0	11	6	0
chr13	100534962	100541184	-	0	0	0	0	0	0	0	7	0	0	0	6	0	6	0	0	0	0	0	0	0	0	0
chr13	101757325	101758039	-	0	11	0	0	0	0	0	0	0	0	0	0	0	0	0	0	0	0	6	0	7	0	0
chr13	103884142	103889285	-	0	9	38	0	11	18	53	7	0	0	16	9	15	11	0	0	6	0	43	0	13	0	12
chr13	106812207	106848336	-	0	7	0	0	0	0	0	0	0	0	0	0	6	12	0	0	0	0	0	0	9	0	0
chr13	106982523	106988075	-	0	0	0	0	0	0	0	0	0	0	0	7	0	0	0	0	0	6	6	0	0	0	0
chr14	12411553	12457829	-	0	10	0	0	0	0	0	0	0	0	0	0	0	0	0	6	0	0	0	0	6	0	0
chr14	12418004	12457829	-	0	19	0	0	18	0	0	0	8	8	9	10	0	0	0	0	0	8	14	0	0	0	0
chr14	12439870	12457829	-	0	16	13	8	7	0	0	6	9	0	8	12	6	0	0	7	0	0	6	0	14	0	7
chr14	17925595	17963321	+	0	14	0	0	0	0	0	0	9	0	0	0	0	0	0	0	0	0	0	0	15	0	0
chr14	17963060	17963321	+	0	11	0	0	10	0	0	0	7	10	0	0	10	14	0	0	0	0	0	0	24	7	0
chr14	21516625	21517498	+	48	50	55	19	39	32	0	40	35	41	53	57	39	73	12	21	15	31	50	27	74	33	34
chr14	21618890	21637640	+	0	0	0	0	6	0	0	7	0	0	8	14	7	9	0	0	0	0	6	0	6	0	0
chr14	21626718	21637640	+	0	0	7	0	0	0	0	0	0	0	0	0	6	7	11	6	0	0	0	0	0	0	0
chr14	21626718	21664748	+	0	23	13	10	8	9	0	0	7	14	0	20	0	12	7	11	0	6	12	16	11	0	0
chr14	23363800	23386353	-	0	7	0	0	6	0	0	0	0	6	0	0	11	9	0	0	0	0	0	0	7	0	0
chr14	25502654	25536824	+	0	0	0	0	0	0	0	8	0	0	0	9	0	0	0	0	0	0	0	6	0	0	0
chr14	25502654	25581673	+	0	0	0	0	0	0	0	6	0	0	0	9	0	0	0	14	0	0	0	13	6	0	0
chr14	27438598	27442620	+	0	9	28	23	10	12	0	27	0	6	11	37	16	15	28	16	10	6	19	10	15	12	14
chr14	28040342	28317314	+	0	31	9	0	15	11	20	0	17	8	0	0	18	16	0	0	0	15	12	0	28	9	9
chr14	28080131	28141381	+	0	20	0	0	0	0	0	0	0	6	0	0	0	14	0	0	0	6	0	0	0	0	0
chr14	28302875	28317314	+	0	15	10	0	8	0	0	0	0	0	0	0	0	0	0	0	0	0	7	0	11	0	0
chr14	29055886	29062540	-	0	18	0	0	0	0	0	0	0	0	0	0	0	8	0	0	0	0	0	0	17	0	0
chr14	31061468	31074982	+	0	0	0	0	0	0	13	0	0	6	0	7	0	0	0	0	0	0	0	0	0	0	0
chr14	31482790	31492456	-	0	18	14	13	12	20	0	12	12	11	13	26	19	25	0	16	0	8	18	7	25	21	9
chr14	34691681	34695105	+	32	16	15	12	13	13	0	10	0	0	11	22	12	11	14	19	8	6	0	15	12	0	6
chr14	36926838	36941264	-	0	0	0	0	0	0	0	6	0	0	0	8	0	0	0	0	0	0	0	0	8	0	0
chr14	45244154	45246516	+	0	0	12	47	0	0	0	88	0	0	9	105	0	0	0	46	0	0	9	46	7	0	8
chr14	45616529	45629753	-	26	13	11	0	0	7	0	0	0	6	0	0	9	10	0	0	12	10	0	0	19	6	0
chr14	47016276	47016795	+	0	12	8	0	7	0	0	7	0	0	6	19	11	0	8	0	0	0	6	10	0	0	7
chr14	54662167	54667161	-	0	6	7	0	0	0	0	16	0	0	0	20	0	0	0	0	0	0	0	7	0	0	0
chr14	54758438	54759745	-	0	14	0	6	9	0	0	0	6	10	9	8	10	20	0	9	0	8	0	11	19	6	0
chr14	55502224	55503031	+	0	0	0	10	0	0	0	18	0	0	0	19	0	0	0	11	0	0	0	10	0	0	0
chr14	56748834	56772006	-	0	39	32	8	10	15	0	18	13	15	21	22	10	25	0	22	13	16	23	14	24	10	12
chr14	57856609	57878459	-	0	0	0	0	6	0	0	0	0	0	0	0	7	0	0	0	0	0	0	0	12	0	0
chr14	60843207	60875307	+	0	0	0	0	0	10	0	0	0	9	0	0	0	13	0	0	0	6	0	0	8	9	0
chr14	64210427	64313755	-	0	0	0	0	0	0	0	0	0	0	0	7	0	13	0	0	0	6	0	0	0	0	0
chr14	64233828	64313755	-	0	0	0	0	0	0	0	0	0	0	0	0	0	7	0	0	0	6	0	0	0	8	0
chr14	64825600	64828668	-	0	0	8	0	0	0	0	0	0	10	8	9	0	13	0	0	0	0	6	7	0	0	0
chr14	65075583	65080475	-	0	6	0	0	0	0	0	0	7	0	0	0	7	0	0	0	0	0	0	0	6	0	0
chr14	65293783	65299415	+	0	6	0	0	0	0	0	0	0	0	6	0	0	6	0	0	0	0	0	0	8	0	0
chr14	70141610	70142531	-	0	0	0	0	0	0	0	0	0	0	0	7	6	6	0	0	0	0	0	0	0	0	0
chr14	70256359	70267506	-	0	0	10	0	0	0	0	0	0	0	0	0	0	7	0	0	0	0	6	0	0	0	0
chr14	72563483	72584844	-	0	8	9	0	0	0	0	7	0	0	0	10	0	10	0	0	0	0	0	8	0	0	0
chr14	72652015	72683771	-	0	0	7	0	0	0	0	0	0	0	6	0	0	0	0	0	0	0	0	0	0	0	7
chr14	74775580	74786390	-	0	10	0	6	0	0	0	0	0	0	0	17	8	10	8	0	0	0	0	0	12	0	6
chr14	79009163	79026077	+	0	7	0	10	0	0	0	8	0	0	0	14	0	0	7	7	0	0	0	8	9	0	0
chr14	87472075	87487287	+	0	0	0	0	0	0	0	8	0	0	0	8	0	0	0	0	0	0	0	6	10	0	0
chr14	87472075	87511770	+	0	0	0	0	0	0	0	0	0	0	0	7	0	7	0	0	0	0	0	6	0	0	0
chr14	99133235	99150741	+	0	0	6	0	0	0	0	6	0	0	0	0	0	9	0	0	0	0	0	0	14	0	0
chr14	103275788	103291362	-	0	21	7	0	16	11	0	11	16	16	0	12	30	25	0	9	20	14	0	8	25	12	0
chr14	103282597	103291362	-	0	11	8	0	10	0	0	0	0	7	0	0	7	9	0	0	0	0	0	0	7	0	0
chr14	120324793	120325412	+	0	12	6	0	0	0	0	9	0	0	0	10	0	0	0	10	0	0	0	8	8	0	0
chr14	122701054	122738004	+	37	6	0	12	0	0	0	13	0	0	0	22	0	0	10	11	0	0	0	10	0	0	0
chr14	123169632	123174665	+	0	0	0	7	0	0	0	9	0	0	0	12	0	0	0	0	0	0	0	0	0	0	0
chr14	123369937	123371614	-	0	10	8	0	6	10	16	7	0	7	10	14	9	7	0	9	0	11	10	6	9	9	0
chr14	123592681	123599989	-	0	17	10	13	14	12	0	12	7	0	8	9	0	7	0	7	0	0	7	0	11	10	0
chr15	4047464	4059996	+	0	27	20	8	14	10	0	0	0	26	13	19	23	28	0	0	7	6	23	10	34	0	12
chr15	4516618	4517327	+	0	0	0	6	0	0	0	10	0	0	0	6	0	0	0	0	0	0	0	6	0	0	0
chr15	12230273	12233926	+	0	0	0	0	9	0	0	0	0	0	0	0	0	38	0	0	0	12	0	0	0	13	0
chr15	16823158	16832278	+	0	8	0	0	6	12	0	0	0	7	0	0	9	24	0	0	15	17	0	0	19	9	0
chr15	18963984	18966909	+	0	17	0	0	0	0	0	0	6	0	0	0	6	7	0	0	6	0	0	0	6	0	0
chr15	23173450	23173929	+	0	0	0	10	0	0	0	19	0	0	0	27	0	0	0	17	0	0	0	10	0	0	0
chr15	30619221	30647324	+	0	7	0	0	0	0	0	0	9	0	0	0	0	0	0	0	0	7	0	0	13	0	0
chr15	30619221	30669606	+	15	0	6	8	0	15	0	0	11	0	6	7	14	0	0	0	0	0	6	0	9	10	8
chr15	30619221	30683470	+	0	0	0	0	0	8	0	0	0	0	0	6	0	0	0	0	0	9	0	0	0	0	0
chr15	30634643	30669606	+	0	16	0	0	0	0	0	6	0	0	0	12	8	0	0	0	0	7	0	0	8	0	0
chr15	35072429	35115645	-	0	21	7	28	9	16	0	41	14	18	9	57	14	37	0	23	0	18	9	31	27	23	7
chr15	35099433	35115645	-	0	7	6	7	6	6	0	13	0	0	0	22	0	14	0	9	0	0	0	9	10	7	0
chr15	35533295	35534360	+	0	6	0	0	0	0	0	0	0	0	0	0	0	6	14	0	0	0	0	0	6	0	0
chr15	39345309	39345620	+	0	0	8	7	0	0	0	0	0	6	0	6	0	8	0	9	0	0	0	9	0	0	6
chr15	39436996	39437922	+	0	0	0	0	0	0	0	0	0	0	0	16	0	0	0	0	0	0	0	8	6	0	0
chr15	39436996	39478710	+	0	0	0	6	0	0	0	6	0	0	0	15	0	0	0	8	0	0	0	0	0	0	0
chr15	39436996	39616510	+	30	0	0	6	0	0	0	0	0	0	0	12	0	0	0	7	0	0	0	0	0	0	0
chr15	39452223	39478710	+	12	13	0	9	6	0	0	17	0	0	0	19	0	8	0	16	9	0	0	15	15	7	0
chr15	39452223	39517871	+	0	13	0	0	7	0	0	6	0	0	0	15	0	7	0	0	0	0	0	0	0	0	0
chr15	39534837	39616510	+	36	0	0	13	0	0	0	13	0	0	0	22	0	0	0	15	0	0	0	18	0	0	0
chr15	39566942	39585762	+	0	0	0	7	0	0	0	0	0	0	0	9	0	0	0	13	0	0	0	10	0	0	0
chr15	39566942	39616510	+	333	107	47	522	34	36	20	704	49	32	33	1173	52	56	11	685	24	23	33	584	70	31	20
chr15	39585589	39616510	+	0	24	8	24	0	0	15	29	14	11	7	51	13	22	0	15	0	7	0	17	29	9	0
chr15	41797473	41826052	+	36	36	14	26	19	11	0	37	19	12	7	66	17	27	0	38	16	10	11	49	33	14	7
chr15	43492169	43513849	+	0	0	6	7	10	6	0	13	0	0	0	16	11	7	0	0	0	0	0	9	0	7	0
chr15	44388468	44420873	-	0	0	0	9	0	0	0	7	0	0	0	9	0	11	0	0	0	0	0	6	0	0	0
chr15	47820351	47849820	-	0	12	0	0	0	0	0	0	0	6	0	0	0	8	0	0	0	0	0	0	13	0	0
chr15	58052223	58069429	-	0	8	0	0	0	6	0	8	0	0	11	17	0	6	0	8	0	0	0	7	0	0	0
chr15	62107147	62107465	+	0	33	15	0	12	25	0	0	21	53	9	0	19	59	0	0	8	17	9	0	59	24	7
chr15	68165752	68170223	-	0	0	7	0	0	0	0	0	0	0	0	12	8	6	0	0	0	0	0	0	11	0	0
chr15	69013357	69049461	+	0	6	0	0	7	7	0	0	9	0	0	0	0	15	0	0	0	0	0	0	7	9	0
chr15	73257033	73268893	-	0	17	14	0	9	9	0	6	11	15	0	14	17	19	0	8	0	10	11	0	21	10	7
chr15	73259547	73268893	-	0	0	0	10	8	0	0	9	0	0	0	10	0	8	0	6	0	0	0	8	11	0	0
chr15	73320774	73343359	-	0	13	7	0	0	0	0	0	0	0	0	0	0	8	0	0	0	0	0	0	6	0	0
chr15	81382979	81392322	-	0	26	0	8	0	9	0	0	0	13	6	0	0	0	0	0	0	0	0	0	0	0	0
chr15	81628292	81628737	+	0	0	0	0	0	0	0	6	0	0	0	8	0	0	0	0	0	0	0	6	0	0	0
chr15	81631613	81632512	+	0	0	7	9	0	0	0	0	0	0	6	15	0	0	0	12	0	0	0	9	10	6	0
chr15	82825230	82857284	-	27	28	15	16	25	21	0	27	13	26	18	48	15	21	0	21	6	19	16	28	31	19	11
chr15	82851512	82857284	-	0	113	49	41	70	56	0	46	66	62	42	77	49	56	28	33	27	36	43	45	101	61	28
chr15	85359453	85393506	+	0	19	8	7	13	9	0	0	8	8	0	10	15	27	0	0	0	9	0	6	13	14	0
chr15	85375321	85393506	+	0	15	13	0	9	0	0	8	0	0	7	14	0	9	0	8	0	0	0	7	0	0	0
chr15	88811296	88812159	-	0	9	16	0	6	0	0	8	0	0	15	12	11	19	13	0	0	0	14	13	13	6	8
chr15	89242159	89246340	+	0	0	0	0	0	0	0	8	0	0	0	8	0	0	0	0	0	0	0	8	7	0	0
chr15	89268502	89269962	+	0	7	0	11	0	0	0	21	0	0	0	18	0	7	0	11	0	0	0	11	6	0	0
chr15	89543099	89549882	+	0	16	0	0	11	9	0	6	6	0	0	0	0	8	0	0	0	0	6	0	15	7	0
chr15	95346761	95385156	-	0	6	0	0	0	8	0	0	6	6	0	0	10	22	0	0	0	7	0	0	9	8	0
chr15	95374727	95385156	-	0	12	0	0	6	8	0	0	6	13	0	6	0	19	0	0	0	9	0	7	9	14	0
chr15	96609855	96624169	-	0	0	7	0	0	0	0	0	0	0	0	8	0	6	0	0	0	0	0	0	7	0	0
chr15	101002033	101011190	+	0	0	0	0	0	0	0	0	6	0	0	0	6	10	0	0	0	0	0	0	0	7	0
chr16	4137365	4138985	-	7	0	0	0	0	6	0	9	0	0	0	9	0	6	0	11	0	0	0	10	0	0	0
chr16	4137365	4155033	-	0	0	0	0	0	0	0	7	0	0	6	7	0	0	0	0	0	0	0	0	0	0	0
chr16	7224310	7224550	+	0	16	0	6	0	6	0	12	0	0	0	19	0	0	0	8	0	0	0	0	0	0	0
chr16	9761390	9761983	-	0	10	6	9	8	9	0	0	10	11	0	13	0	16	0	0	0	0	0	11	13	13	0
chr16	11116794	11128703	-	0	11	59	17	8	7	0	24	13	17	40	29	16	22	41	15	8	7	39	22	21	8	18
chr16	13697332	13699075	+	0	7	0	0	6	0	0	0	0	0	0	7	0	0	0	0	0	0	0	7	11	0	0
chr16	14138342	14140372	-	0	8	6	17	6	0	0	15	0	6	7	23	6	16	15	22	0	0	13	19	11	0	0
chr16	16453991	16477513	-	0	21	14	10	8	15	0	21	10	13	10	29	11	37	16	20	0	15	9	19	25	9	10
chr16	17367403	17389457	-	0	11	0	0	9	17	0	0	8	8	0	0	11	22	0	0	0	0	0	0	18	8	0
chr16	17373349	17389457	-	0	36	11	9	29	14	0	14	19	13	15	14	26	32	0	0	7	10	21	12	53	26	9
chr16	20656542	20657609	+	0	9	8	7	0	0	0	11	0	7	8	23	7	13	7	9	0	0	0	18	10	0	0
chr16	24442780	24456942	+	0	0	0	0	0	0	0	7	0	0	0	6	0	0	0	0	0	0	0	6	0	0	0
chr16	31153705	31160388	-	0	0	0	0	0	0	0	0	0	36	0	6	0	0	0	0	0	13	0	0	0	0	0
chr16	31796865	31812824	+	0	25	0	8	0	7	0	9	7	6	9	13	15	19	0	13	0	0	0	12	24	11	0
chr16	32950291	32961744	+	10	59	71	58	32	27	62	84	31	34	78	145	49	75	30	64	13	20	45	87	74	28	48
chr16	33421320	33434974	+	18	206	81	56	73	78	0	84	71	80	50	152	89	142	57	100	71	95	57	56	137	65	37
chr16	33421320	33457001	+	0	21	0	0	0	0	0	0	0	8	0	10	10	9	0	6	0	8	0	0	16	0	0
chr16	33421320	33468183	+	0	15	7	7	8	8	0	11	9	14	0	21	7	15	0	6	0	15	0	0	11	0	0
chr16	33466854	33468183	+	0	18	10	37	14	13	0	47	12	14	14	75	12	32	0	45	15	8	12	45	25	8	14
chr16	37129798	37142446	-	0	0	0	7	0	0	0	0	0	0	0	13	0	0	0	8	0	0	0	11	0	0	0
chr16	37174296	37216070	-	0	6	0	6	0	0	0	10	9	0	7	10	0	16	0	8	0	7	0	8	10	0	0
chr16	37200575	37216070	-	0	0	0	6	0	0	0	0	0	0	0	8	0	12	0	10	0	0	0	0	0	0	0
chr16	43569680	43577748	+	0	20	30	7	14	55	0	16	9	62	19	26	18	107	10	10	6	59	20	13	18	51	9
chr16	44200613	44205080	+	0	0	0	6	0	0	0	6	0	0	0	0	0	0	0	7	0	0	0	0	0	0	0
chr16	44520224	44521335	-	0	32	0	43	12	0	0	63	7	9	0	103	11	8	0	43	0	0	0	55	0	0	0
chr16	46436353	46438068	-	0	6	0	0	0	0	0	7	0	0	0	15	9	8	0	0	0	0	0	0	7	0	0
chr16	58424560	58433463	+	0	9	0	6	0	0	0	7	0	0	0	13	0	9	0	11	0	0	12	8	8	0	0
chr16	60424720	60425384	-	0	0	0	0	0	6	0	0	0	12	0	0	0	16	0	0	0	0	0	0	0	0	0
chr16	62827163	62830813	-	0	0	12	0	0	0	0	0	0	0	6	0	0	0	0	0	0	6	10	7	0	0	0
chr16	63652214	63653578	-	0	0	0	0	0	0	0	15	0	0	9	14	0	0	0	0	0	0	0	10	0	0	0
chr16	63772909	63773570	-	0	0	0	19	0	0	0	12	0	0	7	39	0	8	0	12	0	0	0	16	0	0	0
chr16	72933212	72935786	+	0	21	16	0	17	33	0	11	14	29	9	20	22	51	8	11	15	19	11	8	30	16	9
chr16	85013626	85030365	-	0	19	8	8	0	6	0	15	7	8	0	23	6	0	8	11	0	0	0	10	11	7	0
chr16	88034154	88056175	-	0	0	0	0	0	0	0	0	0	0	9	0	14	10	0	0	7	0	8	0	7	0	0
chr16	89877037	89885125	-	0	0	0	0	0	0	0	7	0	0	0	6	0	0	0	0	0	0	0	6	0	0	0
chr16	90464140	90475982	+	0	0	0	0	0	0	0	0	0	0	0	0	6	8	0	0	0	0	0	0	7	8	0
chr16	90950350	90969374	-	0	0	0	0	0	7	0	0	0	16	0	7	0	0	0	0	0	0	0	0	9	0	0
chr16	93799906	93800247	+	0	0	0	0	0	0	0	9	0	0	0	15	0	0	0	8	0	0	0	0	0	0	0
chr16	93849129	93853898	+	0	0	0	0	0	0	0	6	0	0	6	6	0	0	0	6	0	0	7	0	0	0	0
chr16	94262591	94268698	-	0	9	0	0	0	0	0	11	0	0	0	13	0	0	0	0	0	0	0	8	0	0	0
chr16	94383911	94393174	+	0	7	18	0	0	7	0	0	0	12	10	15	6	22	0	11	0	0	12	14	19	14	12
chr16	94383911	94403368	+	0	85	87	101	59	35	0	162	52	43	85	197	56	114	34	128	32	39	69	105	99	44	45
chr16	94403313	94412123	+	0	0	0	0	0	0	0	20	0	0	18	40	0	32	0	0	0	20	18	17	0	0	12
chr16	94611418	94677592	+	0	0	0	7	0	0	0	0	0	0	0	14	0	0	7	0	0	0	8	0	0	0	0
chr16	94832298	94833219	-	0	41	28	25	20	37	0	48	21	42	21	59	37	60	0	25	14	30	22	25	26	28	8
chr16	97038897	97056765	-	0	13	19	0	7	9	0	0	8	8	11	0	0	19	0	0	0	9	13	0	13	8	9
chr17	5040579	5127024	+	0	0	10	0	0	0	0	0	0	0	6	6	0	12	0	0	0	0	0	0	0	0	0
chr17	10238892	10282981	-	0	10	6	0	0	0	0	0	0	9	0	0	0	0	0	0	0	0	0	0	0	0	0
chr17	25110226	25113257	-	0	0	0	0	0	0	0	13	0	0	0	13	0	0	0	6	0	0	0	9	0	0	0
chr17	25235181	25235627	-	0	9	6	0	6	6	0	0	0	0	10	20	13	14	0	8	0	0	0	7	13	8	0
chr17	26736788	26743131	+	0	48	35	35	19	17	7	53	25	14	25	97	19	36	17	62	38	19	33	38	34	24	19
chr17	26736788	26763448	+	0	9	0	0	0	0	0	0	0	0	0	6	0	7	0	0	0	0	0	0	0	7	0
chr17	26739542	26743131	+	0	53	39	52	23	23	0	57	25	20	31	74	26	38	18	52	24	22	23	58	52	27	12
chr17	27450124	27454622	-	0	0	0	8	0	0	0	8	0	0	0	21	0	0	0	6	0	0	0	6	0	0	0
chr17	27450124	27473124	-	0	0	0	27	0	0	0	42	0	0	10	88	0	0	0	25	0	0	0	41	0	0	9
chr17	27450124	27503533	-	0	0	0	25	0	0	0	16	0	0	0	40	0	0	0	26	0	0	0	18	0	0	0
chr17	27472907	27503533	-	0	0	0	24	0	0	25	44	0	0	7	68	0	0	0	22	0	0	8	41	0	0	0
chr17	27502646	27503533	-	0	0	0	17	0	0	0	21	0	0	0	32	0	0	0	10	0	0	7	13	0	0	0
chr17	27705624	27706092	+	0	9	0	0	0	0	15	11	0	0	0	13	0	0	0	8	0	0	0	0	0	0	0
chr17	30513555	30530365	-	0	0	6	0	8	8	0	0	0	7	0	13	0	17	0	0	0	8	0	7	9	11	0
chr17	42377159	42377640	+	12	12	0	10	0	0	0	22	0	0	0	36	0	0	0	16	0	0	0	23	8	0	0
chr17	42845325	42852528	-	0	10	12	9	0	6	27	11	10	7	14	16	6	8	0	7	6	0	10	11	10	7	11
chr17	44638512	44639826	-	0	32	15	0	7	18	0	0	7	12	9	0	0	24	0	0	6	7	9	0	14	15	8
chr17	46543179	46543783	-	0	0	0	0	0	0	0	0	7	0	0	13	0	0	0	6	0	0	0	9	0	0	0
chr17	49480429	49480782	-	0	0	0	0	0	0	0	8	0	0	0	15	0	0	0	6	0	0	0	0	0	0	0
chr17	50606294	50611195	+	0	56	14	25	44	17	0	22	28	23	7	56	36	37	0	19	18	12	12	21	48	19	8
chr17	51767891	51809287	-	0	47	0	0	19	13	0	0	17	6	0	0	13	18	0	0	10	10	0	0	23	13	0
chr17	51803430	51809287	-	0	8	0	0	7	0	0	0	0	0	0	0	6	7	0	0	0	6	0	0	8	0	0
chr17	55490942	55498406	+	0	37	0	0	21	11	0	0	12	7	10	0	15	19	0	0	11	0	0	0	37	6	7
chr17	55496291	55498406	+	0	32	0	0	18	10	0	0	18	13	0	0	17	12	0	0	15	0	0	0	47	6	0
chr17	63471407	63490887	-	0	8	15	17	12	26	0	18	12	25	19	27	26	31	12	14	8	8	25	25	36	26	13
chr17	65592290	65595054	-	0	7	13	9	14	0	0	13	0	0	19	18	9	18	0	8	0	0	17	15	9	13	0
chr17	66024075	66053091	-	15	70	10	13	32	21	0	24	43	32	7	35	31	61	8	20	11	25	10	21	57	23	11
chr17	66037492	66053091	-	0	15	12	0	6	0	0	8	8	6	0	17	0	15	0	0	0	9	0	0	9	6	0
chr17	66436079	66438391	-	0	9	8	0	0	0	0	6	0	0	0	31	0	0	0	20	0	0	0	0	7	0	0
chr17	69207858	69210383	+	0	22	11	8	14	10	0	11	6	7	9	18	9	20	0	14	9	6	17	7	17	10	6
chr17	70761074	70766089	+	0	12	0	0	13	0	0	7	0	15	0	9	7	24	0	9	0	8	0	0	10	9	0
chr17	70761074	70787209	+	0	46	15	10	19	25	0	8	16	32	13	12	18	49	9	14	10	40	10	0	37	26	7
chr17	71630160	71632141	+	0	9	0	0	0	0	0	0	0	6	0	0	0	11	0	0	0	0	0	0	11	0	0
chr17	74241904	74258505	-	0	7	0	0	0	0	0	0	0	8	9	6	0	7	7	0	0	0	0	0	9	0	0
chr17	74622908	74625239	+	0	0	0	7	0	0	0	10	6	7	0	10	0	6	0	0	0	0	0	9	6	0	0
chr17	78237741	78335355	+	0	9	0	0	9	0	0	0	0	0	0	0	0	0	0	0	0	0	0	0	7	0	0
chr17	79650301	79659473	+	0	0	6	0	0	0	0	6	0	0	7	13	0	12	0	6	0	0	0	6	0	0	0
chr17	79650301	79681682	+	0	0	0	0	0	0	0	0	0	0	0	10	0	11	0	0	0	0	6	0	16	9	0
chr17	80445429	80460047	-	0	6	0	6	0	0	0	0	0	0	0	0	0	7	0	0	0	0	0	0	6	0	0
chr17	81388809	81445593	-	0	0	0	0	0	0	0	0	0	0	0	0	0	9	0	0	0	8	0	0	6	0	0
chr17	81408066	81445593	-	0	7	0	0	0	8	42	0	8	12	0	0	9	15	14	0	0	6	0	0	10	15	0
chr17	81428181	81445593	-	0	9	0	0	11	9	0	6	0	12	6	10	16	19	0	0	0	10	10	0	9	10	6
chr17	81647808	81649638	-	10	63	71	49	60	54	0	97	68	74	80	101	57	111	36	60	20	52	82	61	76	58	38
chr17	86098511	86120746	-	0	0	0	7	0	0	0	7	0	0	0	17	6	6	0	7	0	0	10	0	0	0	0
chr17	86474316	86482249	+	0	0	0	0	0	0	0	0	0	0	0	12	0	0	10	0	0	0	0	8	6	0	0
chr17	86488159	86496111	+	0	30	15	22	27	27	0	26	18	28	17	53	10	56	0	13	10	13	13	26	45	30	9
chr17	88462712	88463263	+	0	6	0	18	0	0	0	27	0	7	0	73	10	12	0	17	0	6	0	24	9	0	0
chr17	88462712	88479340	+	0	0	0	6	0	0	0	7	0	0	0	13	0	0	0	0	0	0	0	9	0	0	0
chr17	90362759	90597629	-	0	20	9	14	8	10	0	12	0	0	7	25	0	17	0	15	6	0	0	12	15	7	9
chr17	90560740	90597629	-	0	0	0	0	0	0	0	0	0	8	0	7	0	0	0	0	0	0	0	6	0	0	0
chr17	90588670	90700905	-	0	13	0	0	7	0	0	0	0	0	0	0	7	0	0	0	6	0	0	0	9	0	0
chr17	90700743	90704367	-	64	43	50	76	36	27	0	93	30	22	40	126	42	68	18	107	26	21	30	82	55	22	17
chr17	90991375	90992111	-	0	0	0	6	0	0	0	0	0	0	0	10	0	0	0	6	0	0	0	0	0	0	0
chr18	6111684	6115850	-	0	19	41	20	0	33	0	37	7	29	28	67	17	76	0	38	12	40	36	48	0	30	26
chr18	10129304	10132272	-	0	0	6	0	0	0	0	6	0	0	7	8	0	0	0	0	0	0	0	0	0	0	0
chr18	10129304	10140888	-	0	10	0	0	0	0	0	0	0	0	0	7	0	0	0	6	0	0	0	0	0	0	0
chr18	10574874	10586041	-	0	10	7	9	7	0	0	6	0	7	7	0	0	8	0	0	0	0	10	7	8	0	6
chr18	10582054	10586041	-	0	15	15	12	12	0	0	25	0	12	16	22	6	15	0	21	0	0	21	21	17	0	7
chr18	13715140	13717747	-	0	0	0	0	0	0	0	14	0	0	0	23	0	0	0	11	0	0	0	14	0	0	0
chr18	21008724	21020999	+	0	0	0	0	7	7	0	0	0	0	0	12	0	0	0	0	6	7	0	6	7	0	0
chr18	22375132	22434675	+	0	11	0	0	6	6	0	0	0	0	0	0	0	7	0	0	0	7	0	0	12	0	0
chr18	22912581	22921957	-	0	7	16	0	0	0	0	0	0	0	9	7	0	0	0	0	0	0	8	0	8	0	9
chr18	22912581	22952310	-	0	19	25	10	11	14	0	0	9	7	16	12	9	15	0	6	0	7	14	0	15	9	15
chr18	23583083	23597558	+	0	6	8	0	0	0	0	0	0	6	0	10	6	0	0	0	0	0	0	9	9	0	0
chr18	23583083	23602674	+	0	13	9	7	13	8	0	8	0	13	11	25	12	26	0	9	6	6	6	15	17	18	10
chr18	23583083	23631428	+	0	0	7	0	0	0	0	10	0	9	0	7	0	11	0	0	0	0	0	0	7	0	0
chr18	24897636	24903998	+	0	0	0	0	6	0	0	0	7	0	0	0	0	7	0	0	0	0	0	0	0	0	0
chr18	25339713	25344962	+	0	0	8	6	0	0	0	7	0	0	7	21	0	14	0	8	0	0	7	10	7	0	0
chr18	31827261	31835481	+	0	0	0	0	0	0	0	0	0	0	0	0	6	6	0	0	0	0	0	0	9	0	0
chr18	33077992	33109847	+	0	0	0	0	0	0	0	6	0	0	0	14	0	0	0	6	0	0	0	11	0	0	0
chr18	33077992	33129833	+	16	9	0	0	0	0	0	0	0	0	0	11	0	0	0	9	0	0	0	12	9	0	0
chr18	34266057	34279352	+	0	11	32	0	0	8	0	0	0	0	27	6	0	12	14	0	0	0	19	6	0	0	12
chr18	34268297	34279352	+	0	7	13	0	0	0	0	9	7	0	8	15	0	0	0	8	0	8	7	7	7	10	0
chr18	34268297	34306379	+	0	0	0	6	0	0	0	0	0	0	6	7	0	0	0	0	0	0	0	0	0	0	0
chr18	35610870	35613502	+	0	21	15	8	0	0	0	10	7	12	13	28	7	7	9	13	0	0	17	16	9	0	12
chr18	35793464	35801367	+	15	14	7	7	0	0	0	10	0	6	11	18	0	11	0	7	0	0	0	14	0	7	6
chr18	39097629	39111900	+	0	8	0	9	6	6	0	7	8	0	0	10	8	11	0	0	6	0	0	0	12	0	0
chr18	39120118	39150118	+	0	29	0	26	9	11	0	24	7	8	0	47	14	17	0	24	7	0	0	21	21	0	0
chr18	39126832	39150118	+	0	21	0	24	6	0	0	37	18	6	6	55	16	15	0	38	0	8	0	33	20	11	0
chr18	39227367	39246924	+	0	13	0	0	0	0	0	15	0	0	0	15	12	7	0	8	0	6	0	9	7	0	0
chr18	42320763	42326024	+	0	7	8	0	0	0	0	0	0	0	0	10	7	6	0	0	0	0	0	0	10	7	0
chr18	43565862	43577509	-	0	6	13	9	0	0	0	14	0	0	0	14	8	16	11	14	0	0	10	8	13	0	6
chr18	45592005	45592424	+	0	0	6	18	0	0	0	22	0	15	18	31	6	11	11	0	0	0	19	9	6	0	10
chr18	53895530	53906669	+	0	9	12	6	0	0	0	8	0	0	8	12	0	0	0	10	0	0	0	0	7	0	0
chr18	61140790	61141790	-	0	0	0	0	0	0	0	0	0	0	6	10	0	7	0	10	0	0	8	0	0	0	0
chr18	62428022	62437951	+	0	0	0	0	0	8	0	0	0	7	0	0	0	9	0	0	0	8	0	0	0	0	0
chr18	63791795	63825238	+	0	13	0	10	11	0	0	17	9	6	10	9	10	19	0	10	0	0	10	12	9	6	6
chr18	63791795	63865506	+	0	7	0	0	7	0	0	6	0	7	8	8	0	17	0	0	0	0	0	9	11	10	0
chr18	65622983	65625334	+	0	6	8	0	0	0	0	0	6	6	0	11	0	0	12	0	0	0	0	0	8	7	0
chr18	65638749	65656632	+	26	8	7	7	0	0	0	12	0	0	10	22	0	0	0	11	0	0	11	9	8	0	0
chr18	65644192	65656632	+	0	0	0	0	0	0	0	0	7	0	0	0	0	7	0	0	0	0	8	0	0	0	0
chr18	65651559	65656632	+	0	28	21	7	18	19	0	9	16	34	22	26	26	52	0	18	7	21	20	15	41	17	20
chr18	67545614	67587859	-	0	10	10	0	10	0	0	11	6	0	0	19	11	17	0	13	6	0	0	0	22	6	0
chr18	68064216	68064686	+	0	0	0	6	0	0	0	7	0	0	0	8	0	0	0	0	0	0	0	0	0	0	0
chr18	73648884	73678039	-	0	0	0	0	0	0	0	0	0	0	0	10	0	0	0	0	0	0	0	8	0	8	0
chr18	73657194	73662867	-	0	8	13	7	0	0	0	0	0	6	10	6	0	0	0	0	0	0	0	9	0	6	0
chr18	73657194	73678039	-	0	0	0	8	0	0	0	0	0	0	10	19	0	0	0	0	0	0	0	0	7	0	0
chr18	73675160	73678039	-	60	0	0	0	10	14	0	0	0	0	0	31	8	14	0	14	0	0	24	15	0	0	16
chr18	73969890	73971276	-	0	33	19	7	18	12	0	14	22	11	17	35	25	30	0	20	0	8	18	11	25	13	14
chr18	75080202	75082507	+	0	0	8	8	0	0	0	9	0	0	7	20	0	11	0	0	0	0	0	16	0	0	0
chr18	75114789	75126919	+	0	17	12	38	11	7	0	41	9	7	17	107	16	21	0	44	0	0	11	45	23	9	13
chr18	75519738	75521869	-	20	0	6	0	0	0	0	0	0	0	0	10	0	7	0	0	0	0	0	0	0	0	0
chr18	77097248	77105889	+	0	0	0	6	0	6	0	0	0	0	0	14	0	8	0	0	0	0	0	0	0	0	0
chr18	77133090	77150098	+	0	0	0	7	0	0	0	7	0	0	0	0	9	19	0	0	0	0	0	0	0	0	0
chr18	78856483	78859931	-	0	0	6	0	0	0	0	7	0	0	0	13	0	0	0	6	0	0	0	0	0	0	0
chr18	79086550	79087180	-	0	67	40	34	27	32	0	63	32	48	44	54	45	80	12	42	12	34	30	54	63	38	24
chr18	80858543	80917878	-	0	14	8	0	0	6	0	7	6	6	7	11	0	10	0	0	6	0	6	0	14	0	0
chr18	80869741	80917878	-	0	8	0	0	0	7	0	0	0	0	0	0	7	12	7	0	0	0	0	0	6	6	0
chr18	80909591	80917878	-	0	9	16	0	0	0	0	7	0	7	8	0	8	8	0	0	0	0	13	8	9	0	8
chr18	82955523	82957449	+	0	8	0	0	0	0	0	0	0	8	0	13	7	8	0	0	0	0	0	7	7	0	0
chr18	84315805	84432434	-	0	0	7	0	0	0	0	0	0	0	9	0	0	0	0	0	0	0	10	0	0	0	0
chr18	84552869	84563046	-	0	0	0	0	0	0	0	0	0	0	0	7	0	0	0	6	0	0	0	0	9	0	0
chr19	3793067	3807421	+	0	0	0	0	0	0	0	8	0	0	0	9	0	0	0	6	0	0	0	0	0	0	0
chr19	4320151	4321056	-	33	0	0	0	0	0	0	8	0	0	0	12	0	6	0	0	0	0	0	10	0	0	0
chr19	4342846	4394892	-	0	0	9	0	0	0	0	0	0	0	0	8	0	0	0	0	0	0	0	0	10	0	0
chr19	4792397	4794009	-	0	99	47	36	36	23	0	42	31	33	33	83	31	66	15	47	20	26	56	45	54	26	18
chr19	6341902	6343176	+	0	0	0	6	0	0	0	0	0	0	0	9	0	0	0	6	0	0	0	0	0	0	0
chr19	7026291	7032649	-	0	14	8	0	0	9	0	0	0	8	0	9	8	9	0	0	0	7	0	0	13	0	0
chr19	17675420	17678557	-	0	0	0	0	0	0	0	0	0	6	0	0	0	10	0	0	0	6	0	0	0	0	0
chr19	24346236	24360151	-	45	6	6	27	0	20	0	15	0	19	0	63	7	36	0	13	10	15	0	26	7	23	0
chr19	27849710	27900903	-	0	8	13	0	10	14	0	0	13	17	0	10	12	34	0	0	0	13	0	0	11	16	0
chr19	27849710	27923266	-	0	9	0	0	0	0	0	0	0	13	0	0	6	15	0	0	0	0	0	0	0	0	0
chr19	28530872	28531986	-	0	0	0	0	0	16	0	0	0	13	0	0	0	20	0	0	0	10	0	0	0	13	0
chr19	28530872	28540408	-	0	0	0	0	0	6	0	0	0	6	0	0	0	9	0	0	0	0	0	0	0	6	0
chr19	29753599	29755017	-	0	0	6	0	0	0	0	0	0	0	0	9	7	0	0	0	0	0	0	0	0	0	0
chr19	29753599	29786449	-	0	12	10	7	8	9	0	0	10	7	0	20	6	14	17	0	0	13	7	0	15	6	0
chr19	36958372	36970038	+	0	14	0	0	6	7	0	0	0	0	9	13	12	13	0	0	0	0	8	7	15	11	0
chr19	37068172	37088587	-	21	6	0	0	0	0	0	0	0	0	0	14	0	0	0	7	0	0	9	8	10	0	0
chr19	37570382	37609105	+	0	0	0	0	0	0	0	0	0	6	0	0	8	10	0	0	0	0	0	0	6	0	0
chr19	40363201	40365166	-	0	6	0	0	0	0	0	0	0	0	0	0	0	8	0	0	0	0	0	0	7	6	0
chr19	42562551	42564341	+	0	7	6	0	0	0	0	6	0	0	0	10	0	0	0	0	0	0	0	0	6	6	0
chr19	42562551	42576201	+	0	0	0	6	0	0	0	6	0	0	0	13	0	0	0	8	0	0	0	7	6	0	0
chr19	45630864	45640521	-	0	23	15	20	6	0	0	35	9	8	12	44	0	22	15	14	0	7	11	21	21	11	10
chr19	45635734	45640521	-	0	6	0	7	0	0	17	10	0	0	0	22	0	6	0	0	0	0	0	9	0	0	0
chr19	50252533	50262367	-	0	18	0	0	6	0	0	0	0	0	0	0	7	0	0	0	6	0	0	0	18	0	0
chr19	53987453	53988383	+	0	11	0	0	0	0	24	7	6	0	6	19	0	12	21	16	0	0	6	13	12	8	0
chr19	57132861	57134708	-	0	0	0	6	0	0	0	13	0	0	0	10	0	0	0	0	0	0	0	13	0	0	0
chr19	57378548	57379175	+	0	0	0	0	0	0	0	7	0	0	0	9	0	0	0	6	0	0	0	0	0	0	0
chr19	57629084	57642628	+	0	7	0	0	0	8	0	0	7	0	0	0	0	7	0	0	0	0	0	0	0	0	0
chr19	57629084	57657238	+	0	13	9	0	0	10	0	0	0	8	6	0	9	20	0	0	0	0	8	0	13	0	0
chr19	57731551	57797503	+	0	0	6	0	16	6	0	0	6	0	0	0	10	14	0	0	0	0	0	0	9	6	0
chr19	57751629	57755618	+	0	12	6	0	6	0	0	0	0	0	9	0	12	12	0	0	0	0	9	0	9	11	0
chr19	57751629	57777945	+	0	19	12	6	17	15	0	0	13	13	11	0	37	24	0	0	8	0	9	0	31	11	0
chr19	57751629	57797503	+	0	27	14	6	11	8	0	13	7	10	9	6	19	13	0	10	10	8	10	7	26	11	0
chr19	59018804	59028249	-	0	0	6	0	0	0	0	0	0	7	0	0	0	9	0	0	0	0	0	0	6	0	0
chr19	60764031	60764233	-	0	9	6	6	0	0	0	0	0	0	0	0	0	0	0	0	0	0	10	0	0	0	0
chr2	6664114	6721613	-	0	10	6	0	6	15	0	0	0	0	0	0	0	14	0	0	0	8	0	0	8	0	0
chr2	10058995	10064311	-	0	7	0	0	8	8	0	7	0	0	6	14	8	6	0	0	0	0	0	0	11	0	0
chr2	12174152	12182751	-	0	0	0	0	0	0	0	0	0	6	0	0	0	11	0	0	0	6	0	0	0	0	0
chr2	14115816	14117535	+	0	0	6	6	0	0	0	0	0	0	6	13	0	0	0	0	0	0	0	0	0	0	0
chr2	18101457	18126229	+	0	11	0	0	0	0	0	0	0	0	0	10	0	6	0	9	0	0	0	0	0	0	0
chr2	18284622	18308949	-	0	18	10	11	7	12	0	14	16	32	10	23	20	38	11	10	7	14	10	12	22	12	6
chr2	18284622	18317000	-	0	15	8	0	10	0	0	0	7	10	0	7	12	16	23	9	9	7	8	0	9	0	0
chr2	20529958	20530242	+	0	6	0	0	0	0	0	0	0	0	0	0	0	0	0	0	0	0	6	0	8	0	0
chr2	20879960	20889953	-	0	0	0	6	0	0	0	0	0	0	0	8	0	0	0	6	0	0	0	6	0	0	0
chr2	23537327	23545579	-	0	20	28	46	0	18	0	35	12	7	20	88	29	22	0	36	8	10	26	27	25	17	10
chr2	24631898	24639210	-	0	6	0	0	0	0	0	0	0	0	0	0	0	0	10	0	0	6	0	0	10	6	0
chr2	24719044	24720056	-	0	0	0	0	0	0	0	0	0	14	0	7	6	14	0	0	10	10	0	6	13	0	0
chr2	24847943	24877626	-	0	0	6	0	0	0	0	0	0	0	0	6	0	0	0	6	0	0	0	0	6	0	0
chr2	25965662	25966948	-	0	27	33	19	11	14	0	29	9	0	11	55	12	23	0	35	0	15	28	19	28	12	9
chr2	29893000	29922371	+	27	0	0	0	0	0	0	10	0	6	0	7	0	6	0	0	0	0	0	0	7	0	0
chr2	29912568	29922371	+	0	0	0	0	0	0	0	18	0	0	0	27	0	9	0	12	0	0	0	10	0	0	0
chr2	29978376	29983760	+	0	8	0	0	0	0	0	6	0	0	0	7	0	0	0	0	0	0	0	0	0	0	0
chr2	30110204	30111332	-	0	0	7	0	0	0	0	12	0	8	0	15	0	11	0	7	0	7	8	10	8	8	0
chr2	31096026	31105357	-	0	6	0	0	0	0	0	0	0	0	0	7	6	6	7	0	0	0	0	9	0	0	0
chr2	31604613	31605343	+	0	0	0	0	0	0	0	7	0	8	7	8	0	7	0	8	0	0	0	0	7	0	0
chr2	32182457	32183300	+	0	0	0	7	0	0	0	7	0	0	0	13	0	0	0	0	0	0	0	0	0	0	6
chr2	32809100	32812105	-	0	0	6	0	0	0	0	0	0	0	0	0	0	0	0	9	0	0	0	9	0	0	0
chr2	33260477	33324703	-	0	21	16	0	0	9	0	0	0	15	9	8	14	22	0	10	9	15	10	12	18	0	0
chr2	33324652	33340833	-	0	8	0	0	0	0	0	6	6	7	8	19	6	8	0	0	0	0	6	9	21	0	0
chr2	34204779	34213442	-	0	0	13	0	0	0	0	0	0	0	12	0	0	0	0	0	0	0	10	0	0	0	6
chr2	34204779	34224646	-	0	0	11	0	0	0	0	0	0	0	10	0	0	0	0	0	0	0	7	0	0	0	0
chr2	34432002	34444406	+	0	18	12	8	8	7	0	10	9	16	11	21	11	9	0	10	0	0	11	7	15	6	0
chr2	35643887	35661625	+	0	0	0	9	0	0	0	23	0	0	0	24	0	0	0	10	0	0	0	7	0	0	0
chr2	37624172	37647285	-	0	20	18	33	22	12	22	40	7	15	15	51	13	23	9	30	6	8	24	25	23	17	11
chr2	37627434	37647285	-	0	10	0	0	0	0	0	0	0	0	0	0	0	12	0	0	0	7	0	6	8	0	0
chr2	37635423	37647285	-	0	9	20	0	6	0	0	0	0	0	9	6	0	7	12	0	0	0	0	0	0	0	0
chr2	37640850	37647285	-	0	6	19	8	14	8	0	12	6	0	10	20	0	10	0	7	7	0	11	9	12	10	9
chr2	40715371	40751016	-	0	9	8	0	6	6	0	0	0	7	0	0	0	14	0	0	0	0	0	0	11	0	0
chr2	41110753	41113094	-	0	10	12	0	7	10	0	0	8	0	8	9	7	15	0	0	6	8	0	0	8	9	0
chr2	41408234	41445226	-	0	8	7	0	6	0	0	0	0	0	7	0	0	0	0	0	0	0	0	0	0	0	0
chr2	48870288	48873473	+	0	19	10	9	11	9	0	13	0	21	15	17	22	30	11	7	0	11	13	10	21	17	7
chr2	49272040	49279783	+	14	0	0	0	0	0	0	0	0	0	0	12	0	6	0	0	0	0	0	0	0	0	0
chr2	52464609	52469607	-	0	0	0	8	0	0	0	7	0	0	0	15	0	0	0	0	0	0	0	10	0	0	0
chr2	54854601	54857965	+	0	0	0	8	0	0	0	0	0	0	0	7	0	0	0	7	0	0	0	0	0	0	0
chr2	58934368	58983007	-	0	8	0	0	0	0	0	0	0	0	0	0	0	7	7	0	0	0	0	0	7	0	0
chr2	58980369	58983007	-	0	0	0	0	9	0	0	0	0	10	0	0	0	7	0	0	0	0	0	0	0	0	0
chr2	59907438	59932170	-	0	13	0	18	0	0	0	27	6	0	0	49	0	0	0	18	0	0	0	33	7	0	0
chr2	61613650	61627839	+	0	6	6	0	0	0	0	9	0	0	0	10	0	0	0	0	0	0	6	0	6	0	0
chr2	65688317	65690332	+	0	0	0	9	0	0	0	6	0	0	0	7	0	0	0	7	0	0	0	7	0	0	0
chr2	68263234	68410141	-	0	17	13	0	0	0	0	0	0	0	0	0	6	0	0	0	0	0	10	0	12	0	0
chr2	68307040	68314603	-	0	13	7	8	0	0	0	7	8	6	8	0	9	16	0	0	0	0	8	0	0	0	8
chr2	68307040	68410141	-	0	12	6	0	0	0	0	0	0	0	0	0	0	8	0	0	6	0	0	0	9	6	0
chr2	68358813	68410141	-	0	43	38	7	11	23	0	6	13	15	24	26	22	35	0	8	13	11	29	13	42	14	16
chr2	68390913	68410141	-	0	69	89	19	27	27	0	16	31	34	38	25	38	60	0	20	35	23	51	21	59	24	28
chr2	69914413	69922933	+	0	23	11	0	12	15	0	0	14	0	11	17	16	20	0	0	0	0	14	7	16	0	0
chr2	69977718	69988896	+	0	0	0	0	0	0	0	0	0	0	7	0	10	11	0	0	0	6	0	8	24	7	0
chr2	70768861	70786995	-	0	32	26	10	19	10	0	24	31	23	26	23	18	28	19	13	13	12	22	10	33	10	15
chr2	70770003	70786995	-	0	28	28	16	37	18	0	30	34	42	44	36	29	36	0	35	13	44	19	51	77	25	29
chr2	70786876	70786995	-	0	0	0	0	0	0	0	0	7	0	0	0	0	0	0	0	0	6	0	0	7	0	0
chr2	72031032	72045248	+	0	6	0	0	0	0	0	9	0	0	0	0	0	0	0	8	0	0	0	8	0	0	0
chr2	72174801	72180103	+	0	6	0	13	0	0	0	6	0	0	0	10	0	0	0	0	0	0	0	0	0	0	0
chr2	72946545	72971514	-	0	8	0	0	0	0	0	0	6	0	6	6	0	9	0	0	0	0	0	9	0	0	0
chr2	73842359	73853891	-	0	0	0	0	0	0	0	0	0	0	0	0	0	0	0	0	7	0	0	0	8	6	0
chr2	77476734	77503682	-	25	0	6	6	0	0	0	0	0	0	0	0	0	0	0	0	0	0	0	0	0	0	0
chr2	77719450	77720699	-	0	0	0	8	0	0	0	16	6	8	0	18	8	11	0	12	0	0	6	15	12	9	0
chr2	78913673	78920209	+	0	6	9	15	7	7	0	26	9	0	14	37	7	20	6	11	0	0	21	24	10	9	12
chr2	91555266	91560911	+	0	0	0	0	0	0	0	6	0	0	0	8	0	0	0	0	0	0	0	0	6	0	0
chr2	91805023	91825352	+	0	0	0	0	0	0	0	7	0	0	0	9	0	0	0	6	0	0	8	0	0	0	0
chr2	91810029	91825352	+	0	6	0	0	0	0	14	0	0	0	0	7	0	0	0	0	0	0	0	0	0	0	0
chr2	92214048	92230724	+	0	123	63	0	61	0	0	0	0	0	0	264	0	0	0	154	0	0	0	136	0	63	44
chr2	104192434	104214275	-	0	8	0	6	0	0	0	11	7	0	0	10	7	9	0	7	7	0	0	9	7	0	0
chr2	104470748	104471847	-	35	66	80	97	60	57	58	166	34	64	56	261	87	114	39	113	17	29	89	137	121	70	57
chr2	110756937	110761564	-	0	0	7	0	0	0	0	6	0	7	8	6	0	8	0	6	0	0	6	0	8	0	0
chr2	110756937	110775122	-	29	0	9	0	0	0	0	0	0	0	0	0	0	0	0	0	0	0	6	0	0	0	0
chr2	112922424	112926976	-	0	0	0	0	6	7	0	0	0	9	0	0	0	13	0	0	0	0	0	0	8	0	0
chr2	113363835	113365829	+	0	30	0	0	21	16	0	8	23	17	0	7	17	33	6	0	0	14	0	7	31	10	0
chr2	115921671	116049198	-	0	0	36	0	6	0	0	0	0	0	19	0	8	0	0	0	0	0	17	0	10	0	10
chr2	116000130	116049198	-	0	0	8	0	0	0	0	0	0	0	8	0	0	0	0	0	0	0	7	0	6	0	0
chr2	117152991	117172086	+	0	15	12	0	6	0	0	15	12	10	6	26	11	7	10	18	6	0	9	7	9	9	8
chr2	119402329	119412627	-	0	0	0	0	0	0	0	0	0	0	0	0	0	8	6	0	0	9	0	7	10	8	0
chr2	120806758	120825315	-	0	9	0	0	9	0	0	0	0	0	0	10	0	0	0	0	0	0	8	0	0	0	7
chr2	121235572	121244096	-	0	0	0	0	7	0	0	0	0	0	0	0	0	6	0	0	0	0	0	0	6	0	0
chr2	121347263	121347642	-	0	11	13	8	0	0	0	14	0	0	8	14	0	0	0	11	0	0	7	9	11	0	0
chr2	122070864	122072309	-	0	0	0	0	0	0	0	6	0	0	0	8	0	0	0	0	0	0	0	11	0	0	0
chr2	127237460	127238820	+	0	0	0	6	0	0	0	0	0	0	0	6	0	0	0	0	7	0	0	0	0	0	0
chr2	127465047	127465978	-	0	8	0	0	0	0	0	15	0	6	0	13	0	8	0	0	0	0	0	13	7	0	0
chr2	128668924	128684663	-	0	0	0	0	0	0	0	7	0	0	0	13	0	6	7	0	0	0	0	0	0	0	0
chr2	129810487	129811237	+	0	8	0	14	0	0	0	14	0	0	8	21	6	0	6	10	0	0	0	15	10	6	0
chr2	130806870	130822500	-	0	0	0	0	0	0	0	0	0	0	0	7	0	10	0	0	0	7	0	0	0	0	0
chr2	131511983	131516443	+	7	36	42	14	28	29	0	13	9	17	31	34	21	44	6	24	7	11	31	12	33	24	23
chr2	136116176	136116962	-	0	20	0	0	7	0	0	0	6	0	0	14	11	8	0	10	0	0	0	0	13	6	0
chr2	139947156	139951579	-	0	14	0	7	0	0	0	0	6	9	0	11	10	13	0	8	0	0	0	0	9	0	0
chr2	139947169	139951579	-	0	0	0	0	0	0	0	6	0	10	0	6	7	0	0	0	0	0	0	0	13	0	0
chr2	139977606	140057499	-	0	25	6	8	13	14	0	15	22	15	0	19	17	36	0	0	14	10	0	11	42	10	0
chr2	139985128	140057499	-	0	0	0	0	0	0	0	6	0	0	0	0	0	6	10	0	0	0	0	0	0	0	0
chr2	139996072	140057499	-	33	0	0	0	6	6	0	0	0	8	0	7	13	7	0	0	0	0	0	0	14	0	0
chr2	140008698	140057499	-	0	15	13	7	11	14	0	11	18	15	13	13	15	31	0	8	0	8	6	6	27	10	0
chr2	140042093	140057499	-	0	35	9	12	13	11	29	10	6	25	7	25	11	31	0	9	0	11	0	10	26	17	6
chr2	142739522	142740991	-	0	7	8	8	0	0	0	7	6	9	0	0	0	8	0	6	0	0	9	9	14	6	6
chr2	146143012	146153917	+	0	0	11	0	0	0	0	0	0	0	10	0	0	0	10	0	0	0	11	0	0	0	0
chr2	146340378	146342749	-	0	6	0	0	0	0	0	0	0	0	0	12	0	7	0	0	0	0	0	7	0	0	0
chr2	146889020	146891284	+	0	12	9	13	0	0	0	13	0	7	13	12	0	9	9	9	0	8	11	13	9	0	10
chr2	148703060	148707205	-	0	0	40	0	0	0	0	28	0	16	0	0	0	0	0	0	0	8	25	29	0	0	18
chr2	155157773	155163483	+	0	0	0	0	0	0	0	7	0	0	0	0	0	7	0	0	0	0	0	8	0	0	0
chr2	156223334	156254310	+	0	9	6	9	0	0	0	16	0	0	0	23	0	16	0	10	0	0	0	14	11	8	0
chr2	156264280	156267542	+	0	13	0	0	0	0	0	8	0	7	0	11	0	10	0	0	0	0	0	6	0	0	0
chr2	156264280	156276668	+	0	0	0	0	6	0	0	0	0	0	0	10	0	11	0	7	0	0	0	9	0	0	0
chr2	156508812	156514210	+	0	35	10	19	12	0	0	30	10	0	0	52	15	21	0	20	0	0	6	39	24	9	0
chr2	158035995	158050213	+	0	9	0	0	0	0	0	0	0	0	9	11	0	8	0	0	0	0	9	6	0	0	0
chr2	158035995	158058827	+	0	42	9	9	10	18	0	21	17	17	25	27	16	34	0	7	9	14	10	14	33	17	0
chr2	166834470	166836457	+	0	9	6	6	6	7	0	6	9	7	6	17	7	10	0	8	0	0	0	0	10	0	8
chr2	168567138	168571633	-	0	9	0	0	0	0	0	0	0	0	0	10	10	0	0	0	0	0	0	0	12	0	0
chr2	168705122	168710976	-	52	0	6	9	0	0	0	26	0	0	8	49	7	0	0	15	0	0	6	17	14	6	0
chr2	169883525	169886459	+	0	7	18	0	0	0	0	0	10	13	10	0	13	13	0	0	0	11	12	0	8	14	6
chr2	169883525	169886586	+	0	7	0	0	0	0	0	0	0	0	0	0	0	6	0	0	0	0	7	0	0	0	0
chr2	181111999	181114729	-	0	0	0	0	0	7	0	0	0	0	0	9	0	14	0	0	0	6	0	0	9	9	0
chr2	181631434	181632087	+	0	0	0	0	0	0	0	0	0	0	0	6	0	0	16	0	0	0	0	0	6	0	0
chr3	5241669	5245645	+	0	0	0	0	0	0	0	0	0	9	0	7	0	6	0	0	0	0	0	0	6	0	0
chr3	9470891	9474602	-	0	9	0	0	6	0	7	0	0	0	0	13	0	9	0	0	0	0	0	0	0	0	0
chr3	26132743	26134052	-	0	6	0	8	9	13	0	0	10	9	0	0	7	13	0	6	0	0	0	0	13	0	0
chr3	26133241	26134052	-	0	32	7	0	16	23	0	11	0	16	0	18	20	52	0	10	0	16	0	8	25	21	0
chr3	28532887	28542098	+	0	0	8	0	0	0	0	0	0	6	0	0	0	9	12	7	0	0	7	0	0	0	0
chr3	29148346	29153601	+	0	14	0	0	7	19	0	0	0	29	0	0	23	33	9	0	0	19	0	0	25	13	0
chr3	50417987	50438915	-	0	0	0	0	0	0	0	0	0	6	0	0	0	0	0	0	0	0	10	0	6	0	0
chr3	51308049	51326035	-	0	64	68	156	53	44	0	188	38	62	97	232	44	123	60	120	17	45	81	165	56	56	46
chr3	51855498	51857076	-	0	0	14	11	0	0	0	10	0	0	6	13	0	0	0	12	0	0	12	6	0	0	6
chr3	52345038	52346390	+	0	0	7	0	0	0	0	0	0	0	6	0	0	0	6	0	0	0	7	0	0	0	0
chr3	55853770	55873783	-	0	0	0	0	0	0	0	0	0	8	0	0	0	10	0	0	0	0	0	0	0	6	0
chr3	55853770	55891674	-	0	8	0	0	0	6	0	0	0	8	0	6	6	16	0	0	0	0	0	7	12	0	0
chr3	56057949	56091120	-	0	8	10	9	0	7	18	13	8	16	0	22	17	29	0	11	0	7	10	15	21	12	0
chr3	56079858	56091120	-	0	55	56	57	54	43	0	71	21	26	42	105	44	85	9	59	14	31	46	53	76	29	25
chr3	56085241	56091120	-	0	11	7	10	13	7	0	15	9	13	7	23	17	14	0	0	6	0	7	12	11	7	0
chr3	59031545	59042413	+	0	0	13	10	0	0	0	17	0	0	14	23	7	7	12	7	0	0	10	12	10	0	7
chr3	59031545	59093695	+	0	10	0	0	6	0	0	0	0	0	0	6	0	6	0	0	0	0	0	0	11	6	0
chr3	59037559	59093695	+	0	6	0	8	0	7	0	0	6	0	0	12	0	0	0	0	0	0	0	0	8	0	0
chr3	66994516	66996590	+	0	13	9	0	0	0	0	6	8	0	0	12	6	8	0	7	0	0	0	6	13	0	0
chr3	80722031	80741198	-	0	0	0	0	0	0	0	0	0	0	0	9	0	6	0	0	0	0	0	0	6	0	0
chr3	84903500	84904079	+	14	0	6	0	0	0	0	0	0	0	0	6	0	0	0	0	0	0	6	0	0	0	0
chr3	86532084	86542711	+	0	13	22	0	6	0	0	11	7	8	26	13	10	11	0	6	0	0	24	0	16	0	13
chr3	88346444	88349444	+	0	0	0	0	0	0	0	13	0	0	8	13	0	0	0	0	0	0	0	6	0	0	0
chr3	88965811	88985790	+	19	6	0	10	9	7	0	6	6	8	6	11	12	0	0	6	0	6	8	6	11	11	6
chr3	88965811	89007877	+	0	6	0	0	0	0	0	0	0	6	0	0	0	0	0	0	7	0	0	0	0	0	0
chr3	89001772	89007877	+	0	16	8	0	8	8	0	25	14	9	9	30	7	12	0	17	10	0	14	9	7	6	7
chr3	95991443	95992278	-	0	0	17	6	0	0	14	10	0	0	10	17	0	6	0	6	0	0	14	11	0	0	13
chr3	96041337	96042928	-	0	15	8	0	9	0	0	0	0	7	0	6	13	18	0	8	0	0	9	8	15	8	0
chr3	96754334	96775841	+	0	0	0	0	0	0	0	0	0	0	0	10	0	8	0	0	0	0	0	0	8	0	0
chr3	97792738	97796808	-	0	19	10	0	6	0	0	6	10	9	0	0	7	9	6	0	0	0	7	0	21	0	0
chr3	103310308	103311513	+	0	11	13	11	6	6	18	18	0	10	10	26	8	21	0	9	0	0	10	13	11	0	11
chr3	104463858	104479850	-	0	7	0	0	0	0	21	0	0	8	0	0	7	8	0	0	0	0	0	0	0	8	0
chr3	106531136	106539603	-	0	0	9	7	0	6	0	0	0	0	7	23	7	8	0	7	0	0	13	8	6	0	0
chr3	115978643	115993039	-	0	0	0	8	0	0	0	0	0	0	0	6	0	0	0	0	0	0	0	8	0	0	0
chr3	116645365	116651499	-	0	15	0	0	7	0	0	6	0	10	7	11	12	8	0	0	0	0	0	0	11	0	0
chr3	116647781	116651499	-	0	9	0	0	6	0	0	0	7	7	7	11	0	11	0	8	0	0	0	7	15	0	0
chr3	121228309	121235764	-	0	11	0	22	11	15	0	21	0	0	7	88	19	8	0	23	0	0	8	15	10	8	0
chr3	122747888	122748477	+	0	0	9	0	0	0	0	0	0	0	0	13	0	6	0	0	0	0	0	0	0	0	0
chr3	122781566	122818067	+	0	8	0	28	0	0	0	49	0	8	19	90	12	9	0	33	0	0	10	46	10	0	11
chr3	122794259	122818067	+	11	0	0	13	0	0	0	9	0	0	0	12	0	0	0	16	0	0	6	11	0	0	0
chr3	123546768	123562084	-	0	0	0	8	0	0	0	7	0	0	0	9	0	0	0	0	0	0	0	0	0	0	0
chr3	123601440	123634340	-	34	41	9	27	21	29	0	50	28	33	7	68	23	65	0	48	13	30	0	47	40	24	0
chr3	123601440	123672477	-	0	0	0	0	0	0	0	7	0	0	0	9	0	6	0	0	0	0	0	0	0	0	0
chr3	123671340	123672477	-	22	8	0	40	6	6	0	56	0	6	0	81	0	7	0	31	0	0	0	43	0	8	0
chr3	127038746	127057091	-	0	0	0	6	0	8	0	12	0	0	0	7	0	0	0	7	0	0	0	7	0	0	0
chr3	127046724	127057091	-	0	0	0	0	0	0	0	8	0	0	6	13	0	0	0	8	0	0	0	9	6	0	0
chr3	131599864	131607463	+	0	7	0	8	6	0	0	10	0	0	0	19	10	9	0	15	0	0	0	11	6	7	0
chr3	133062565	133085025	-	0	0	0	0	0	0	0	11	0	0	0	21	0	0	0	13	0	0	0	9	7	0	0
chr3	133320935	133348190	+	0	6	0	7	0	0	0	12	0	8	0	25	0	7	0	18	0	7	0	10	20	0	0
chr3	135655499	135669339	-	0	0	8	0	7	0	0	0	0	0	0	9	0	8	0	0	0	0	0	0	8	0	0
chr3	139015545	139050588	-	0	7	8	0	0	0	0	0	0	0	17	0	6	0	15	0	0	0	9	0	10	0	0
chr3	141856348	141880516	-	0	0	6	0	0	0	0	0	0	0	0	10	0	6	0	0	9	0	0	0	0	6	0
chr3	152420014	152428832	+	0	20	9	15	9	10	0	16	6	7	6	42	7	19	0	6	0	0	12	17	12	6	0
chr3	153411461	153411871	-	0	14	18	6	18	11	0	0	9	9	31	16	7	19	0	7	0	16	21	8	11	13	10
chr4	6822904	6842426	-	0	18	0	0	0	0	0	0	0	0	0	0	8	0	0	0	0	0	0	0	7	0	0
chr4	8751323	8753148	+	0	0	0	37	0	0	0	44	0	0	0	79	0	0	0	50	0	0	0	42	0	0	0
chr4	8751323	8785763	+	26	0	0	39	0	0	0	34	0	0	0	77	0	0	0	50	0	0	0	28	0	0	0
chr4	9508626	9532065	-	0	0	0	6	0	0	0	9	0	0	0	16	0	0	0	0	0	0	0	9	0	0	0
chr4	9508626	9542310	-	0	0	0	0	0	0	0	8	0	0	0	12	0	0	0	0	0	0	0	6	0	0	0
chr4	9583811	9610938	-	0	0	0	29	0	0	0	35	0	0	0	59	0	10	0	52	0	7	0	23	0	0	0
chr4	9635900	9639347	-	0	62	67	54	27	27	0	72	20	25	45	134	28	44	10	82	16	23	43	80	39	21	28
chr4	13835632	13846957	+	0	27	19	9	11	9	0	9	8	6	13	19	9	18	0	16	0	0	14	0	19	12	9
chr4	16151916	16158430	-	0	10	7	0	0	0	0	0	6	0	0	8	0	12	0	8	8	6	0	0	12	7	0
chr4	22375660	22403745	+	0	0	0	0	0	0	0	8	0	0	0	12	0	0	0	0	0	0	0	0	7	0	0
chr4	28870556	28871996	+	0	0	0	0	0	0	0	6	0	8	0	8	0	8	0	0	0	0	0	0	0	0	0
chr4	34839331	34839986	-	0	10	6	15	8	7	0	22	0	12	9	29	7	25	0	15	6	6	9	19	25	0	6
chr4	44018812	44025560	+	0	11	9	0	0	0	0	0	0	0	0	0	0	0	0	0	0	0	0	0	11	0	0
chr4	44133639	44137661	-	24	10	6	0	0	0	0	6	0	0	7	7	0	0	9	7	0	7	0	6	6	0	6
chr4	48604580	48617331	+	0	61	23	0	26	35	0	0	29	39	23	13	26	62	23	0	12	26	31	7	41	26	16
chr4	48604580	48639045	+	0	16	0	0	12	0	0	0	0	8	0	0	9	19	0	0	0	0	0	0	11	0	0
chr4	48604580	48650418	+	0	0	0	0	0	0	0	0	0	6	0	0	6	16	17	0	0	0	0	0	0	8	0
chr4	48636839	48650418	+	0	15	0	0	6	0	0	0	0	14	15	0	8	14	0	0	0	0	0	0	22	6	0
chr4	49770418	49793032	-	0	0	0	0	0	0	0	0	0	0	0	0	12	13	0	0	0	0	0	0	8	0	0
chr4	53481463	53491530	+	0	0	0	0	0	0	0	11	0	0	0	13	7	0	14	0	0	0	0	0	12	6	0
chr4	55366776	55370472	+	0	6	9	7	6	0	0	0	0	0	0	7	0	0	0	10	0	0	0	0	0	0	0
chr4	56906214	56912130	-	0	0	0	0	0	7	0	0	0	0	0	10	0	7	0	10	0	0	0	0	10	0	0
chr4	58832703	58841605	-	0	0	0	6	0	0	0	7	0	0	0	12	0	0	0	0	0	0	0	0	0	0	0
chr4	58861524	58885498	-	0	0	6	0	0	0	15	0	0	0	0	8	8	11	0	0	0	0	0	7	0	0	0
chr4	59514273	59524476	-	0	7	24	0	6	6	0	6	0	12	12	10	7	17	0	0	0	0	25	0	6	0	0
chr4	65644697	65651987	-	0	0	6	0	0	0	0	18	0	0	0	14	0	6	0	7	0	0	0	14	6	0	0
chr4	66185123	66185508	-	26	0	0	8	0	0	0	7	0	0	0	9	0	0	0	9	0	0	0	6	0	0	0
chr4	68792824	68798924	-	0	11	12	8	16	10	0	18	12	8	13	28	9	13	0	29	0	0	8	23	16	10	12
chr4	76135556	76136810	-	0	0	0	0	0	0	0	6	0	0	0	6	7	0	0	0	0	0	0	0	0	0	0
chr4	82327728	82498769	-	0	6	0	0	0	0	0	0	0	0	0	7	0	0	0	0	0	0	0	0	0	6	0
chr4	82350388	82383661	-	0	0	0	0	0	0	0	0	0	6	0	0	0	9	0	0	0	0	0	8	0	0	0
chr4	82350388	82498769	-	0	0	0	0	0	0	0	0	0	0	0	8	0	6	0	6	0	0	0	0	0	0	0
chr4	82835445	82854115	-	0	35	13	15	30	17	0	15	12	8	8	50	49	32	0	26	17	9	14	14	44	25	0
chr4	84971130	85006524	+	0	25	8	8	0	9	0	0	6	0	0	13	7	7	0	6	0	10	0	12	12	8	0
chr4	87073187	87076157	-	0	0	0	0	0	0	0	0	0	8	0	0	0	12	0	0	0	0	0	0	6	0	0
chr4	87782286	87794011	-	0	0	0	0	0	0	0	0	8	6	0	0	0	0	0	0	0	0	0	0	6	0	0
chr4	87840681	87841389	-	0	6	8	0	0	0	0	0	0	0	0	0	0	6	0	6	0	0	0	0	0	0	0
chr4	91281213	91311663	-	0	0	0	0	0	0	0	0	6	9	0	0	0	0	0	0	0	0	0	0	9	0	0
chr4	91308610	91311663	-	0	14	0	0	6	15	0	0	10	9	0	0	12	10	0	0	0	8	9	0	18	0	0
chr4	99212576	99235186	+	0	6	0	8	0	8	0	10	6	0	0	25	8	13	0	0	6	0	8	6	11	9	0
chr4	100407812	100412140	+	0	0	0	10	0	0	0	9	0	0	0	23	0	7	0	9	0	0	0	13	0	0	0
chr4	101612861	101616865	+	0	10	0	6	0	0	0	0	0	0	0	6	0	0	0	0	0	0	0	0	8	0	0
chr4	103095328	103096775	-	39	8	6	0	0	7	0	0	8	7	0	0	0	6	0	0	0	0	0	0	7	0	0
chr4	107851307	107857320	+	0	9	11	8	0	0	0	14	0	0	6	15	0	0	27	0	0	0	10	7	8	0	0
chr4	108478872	108479741	+	0	0	9	8	0	0	0	13	0	0	7	17	0	16	0	12	0	0	11	8	0	0	0
chr4	108717788	108719812	-	0	10	7	7	0	7	0	11	0	0	8	24	0	6	0	14	0	0	0	22	0	8	0
chr4	108717788	108727545	-	0	21	19	17	11	6	0	25	6	11	12	37	7	18	0	22	6	0	0	12	19	6	6
chr4	109083088	109087485	-	14	0	0	6	0	0	0	17	6	6	7	28	0	8	8	8	0	0	0	16	9	0	0
chr4	109861808	109890990	+	0	8	0	0	0	6	0	0	0	7	0	14	0	6	0	7	0	0	0	0	10	0	0
chr4	109883635	109935698	+	0	6	0	0	7	0	0	6	0	0	0	8	0	0	0	0	0	0	0	0	10	0	0
chr4	117564620	117593162	+	0	0	0	0	8	0	0	0	6	0	0	0	0	8	0	0	0	0	0	6	10	0	0
chr4	117582599	117593162	+	0	10	27	0	8	0	0	9	6	8	19	10	6	22	0	9	0	8	12	11	13	13	0
chr4	117582599	117615241	+	0	19	14	0	0	7	0	0	10	8	0	8	0	27	0	7	0	0	7	0	19	8	0
chr4	120463074	120483833	+	0	14	0	0	0	0	0	0	0	0	0	0	0	9	0	0	0	0	0	0	10	0	0
chr4	121170617	121190258	-	0	13	10	6	0	12	0	12	0	12	0	18	10	18	10	7	0	12	6	18	14	12	0
chr4	121182605	121190258	-	0	0	6	0	0	0	0	8	0	8	0	9	0	6	0	0	0	0	8	9	6	0	0
chr4	124682192	124683855	-	0	6	0	0	0	0	0	0	0	9	0	0	0	7	0	0	0	0	7	0	11	0	0
chr4	124787471	124798379	+	0	0	0	0	0	0	0	0	0	0	0	7	0	7	0	0	0	0	0	0	12	0	0
chr4	126814255	126816474	+	0	12	10	0	0	0	0	0	0	0	0	15	6	6	0	0	0	0	0	0	9	0	0
chr4	126923063	126926023	-	0	22	15	12	10	6	0	19	6	0	6	16	8	15	0	12	9	13	7	0	14	0	6
chr4	128296394	128338697	+	0	0	0	0	0	0	0	0	0	0	0	12	0	7	16	0	0	0	0	0	0	0	0
chr4	128297185	128338697	+	0	0	0	0	0	0	0	0	6	0	0	0	0	13	15	0	0	0	0	0	0	7	0
chr4	129178240	129182532	-	0	0	0	0	6	0	0	0	0	0	0	0	0	0	0	0	0	0	6	0	9	0	0
chr4	129178240	129183717	-	0	8	9	0	0	0	0	6	6	0	0	12	0	9	0	13	8	0	7	0	11	0	0
chr4	130327192	130329674	-	0	9	0	0	0	0	0	0	0	7	0	0	0	6	0	6	0	0	0	0	0	0	0
chr4	130668924	130701110	+	0	10	0	0	0	6	0	0	0	0	0	13	7	11	0	0	0	0	0	9	8	7	0
chr4	130718153	130719351	+	0	0	6	7	0	0	0	14	0	0	0	16	0	10	0	7	0	0	6	16	7	0	10
chr4	132656692	132673032	+	0	17	9	0	0	0	0	6	0	0	0	0	0	12	0	6	7	0	0	0	12	0	6
chr4	133719536	133723051	-	28	32	50	33	12	13	12	31	20	10	30	55	17	19	35	34	13	18	24	33	30	25	25
chr4	143131709	143142234	-	0	6	7	0	0	6	0	0	0	9	0	8	0	8	0	0	6	0	0	0	8	0	0
chr4	145148316	145152798	-	0	7	0	0	6	0	0	0	0	0	0	12	0	0	0	0	0	0	0	9	0	0	0
chr4	149994468	149996381	-	0	8	0	13	0	0	0	15	0	0	0	22	0	0	0	13	0	0	0	10	8	0	0
chr4	150406195	150406664	+	0	0	15	0	0	0	0	0	0	0	8	8	0	0	0	0	0	0	8	0	0	0	0
chr4	150406195	150439468	+	0	0	19	0	0	7	0	0	0	0	21	13	0	9	0	0	6	0	22	6	8	6	6
chr4	150406195	150534945	+	0	0	6	0	0	0	0	0	0	0	7	0	0	0	0	0	0	0	6	0	0	0	0
chr4	150431522	150439468	+	0	0	0	0	0	0	0	0	0	0	6	16	0	0	0	0	0	0	0	0	0	0	8
chr4	150439342	150477468	+	0	19	18	10	11	8	0	7	10	9	0	7	8	22	0	8	7	12	8	0	11	13	0
chr4	150439342	150510038	+	0	0	0	0	0	0	0	0	0	0	10	9	0	0	0	0	0	0	0	6	7	0	0
chr4	150439342	150534945	+	0	10	0	0	0	0	0	0	0	0	6	6	9	6	0	0	0	6	0	7	10	0	0
chr4	150468694	150477468	+	0	6	13	7	0	7	0	7	0	10	0	10	0	10	0	8	0	0	7	0	9	0	0
chr4	150468694	150510038	+	0	9	13	8	6	7	0	0	0	0	13	18	8	11	0	11	0	0	18	6	12	0	10
chr4	150468694	150534945	+	0	15	8	0	6	0	0	0	0	0	9	0	0	13	0	0	0	8	0	0	10	0	0
chr4	150500002	150510038	+	0	10	0	0	0	0	0	9	0	0	11	11	0	14	0	8	0	10	11	10	16	0	0
chr4	151830417	151835883	-	44	12	15	12	14	8	0	34	8	19	25	47	16	23	12	25	0	13	15	41	29	16	17
chr5	3722545	3772787	-	0	9	0	0	7	0	0	0	0	0	0	0	0	0	0	0	11	0	0	0	0	0	0
chr5	3747020	3772787	-	132	139	88	47	74	59	0	68	77	92	76	124	92	160	6	64	38	48	63	65	132	62	53
chr5	9417984	9463034	+	0	10	0	0	0	0	0	6	0	0	0	10	0	0	0	0	0	0	0	0	10	0	0
chr5	14539409	14540801	+	0	38	19	31	21	14	0	24	9	10	13	60	14	11	0	19	0	6	11	21	29	14	11
chr5	14712416	14723324	+	0	8	0	8	0	0	0	0	0	0	0	15	0	0	0	9	0	0	0	8	13	0	0
chr5	16012393	16025865	+	0	0	0	0	0	0	0	0	0	0	0	0	0	9	0	0	7	0	0	0	8	0	0
chr5	16264257	16267475	+	0	0	9	0	0	0	0	8	0	9	7	0	0	7	0	7	0	0	0	0	11	0	0
chr5	16299928	16333825	+	0	15	16	0	6	0	0	0	10	6	0	8	7	8	0	0	8	8	0	0	20	0	0
chr5	17670449	17694865	+	0	0	8	0	0	0	0	0	0	0	9	0	0	0	0	0	0	0	0	0	6	0	7
chr5	18289523	18291620	-	0	0	7	0	0	0	0	0	0	0	9	0	0	0	0	0	0	0	0	0	0	0	6
chr5	18289523	18308825	-	0	0	10	7	0	0	21	7	0	0	7	10	0	0	0	11	0	0	0	0	8	0	0
chr5	18308552	18308825	-	0	0	0	0	0	0	0	7	0	0	0	14	0	0	0	0	0	0	6	7	0	0	0
chr5	23979487	23991837	-	0	0	8	0	0	0	0	0	0	0	6	0	0	0	0	0	0	0	8	0	7	0	8
chr5	23979487	24000019	-	0	0	16	0	0	7	0	0	0	0	11	0	0	7	0	0	0	7	15	0	9	8	7
chr5	25288989	25290887	-	0	0	0	0	6	0	0	0	0	0	0	0	0	9	0	0	0	0	0	0	8	0	0
chr5	25347360	25349940	-	0	13	10	14	7	0	0	19	10	14	9	28	10	18	0	20	9	0	0	14	11	6	10
chr5	27382754	27399012	+	0	0	6	0	0	0	0	0	0	7	0	0	0	14	0	0	0	0	0	7	8	0	0
chr5	27661586	27666528	+	0	0	6	0	0	0	0	0	0	0	0	8	0	7	0	0	0	0	0	0	7	0	0
chr5	28358273	28362234	+	0	0	0	0	0	0	0	0	0	0	0	18	0	0	0	6	0	0	0	9	0	0	0
chr5	28358273	28368313	+	21	10	24	32	0	0	12	50	11	6	30	79	17	11	0	28	0	0	20	39	22	6	12
chr5	28358273	28394670	+	0	0	0	9	0	0	0	6	0	0	0	6	0	0	0	7	0	0	0	0	0	0	0
chr5	29287390	29292949	-	0	0	0	0	0	0	32	9	0	0	0	14	0	6	0	8	0	0	0	6	0	0	0
chr5	29287390	29346906	-	0	0	0	0	0	0	0	6	0	0	0	0	0	0	0	6	0	0	0	0	6	0	0
chr5	31466231	31468240	+	0	6	7	0	0	0	0	0	0	0	6	13	0	0	0	0	0	0	7	0	0	0	0
chr5	32640330	32664400	+	0	0	13	13	0	0	0	0	0	0	12	12	9	0	0	16	0	0	16	8	0	0	10
chr5	32819865	32822138	-	0	6	7	12	0	0	0	22	0	0	0	24	0	8	0	9	0	0	0	13	0	0	0
chr5	32819865	32835688	-	0	21	16	15	11	19	0	21	0	18	6	30	0	14	0	18	0	11	13	17	11	14	0
chr5	33843111	33846267	+	22	35	35	50	31	25	0	52	39	45	31	84	64	64	0	32	7	24	49	32	62	35	30
chr5	33843111	33855736	+	0	6	0	0	0	0	0	0	13	0	0	0	0	0	0	6	0	0	0	0	8	0	0
chr5	33843111	33868878	+	0	28	21	13	27	37	0	8	17	25	21	11	23	35	39	0	11	12	18	17	38	31	16
chr5	36519272	36525048	-	0	13	0	0	0	0	0	0	0	0	0	0	0	6	0	0	0	0	0	0	15	0	0
chr5	36571295	36572037	-	0	0	0	0	0	0	0	7	0	0	0	9	0	10	0	6	0	0	0	0	10	0	0
chr5	36922967	36940261	+	0	19	13	18	10	0	0	20	10	8	0	52	14	22	0	21	7	7	12	19	23	16	6
chr5	43165918	43191404	-	0	0	0	13	0	0	0	13	0	0	0	31	0	0	8	17	0	0	0	16	0	0	0
chr5	43187532	43191404	-	0	0	0	12	0	0	0	19	0	0	0	16	0	0	0	6	0	0	0	7	0	0	0
chr5	43758221	43773659	-	0	0	0	10	6	0	0	7	0	0	0	15	0	13	0	8	0	0	0	10	0	0	0
chr5	44532660	44541859	-	0	13	0	0	0	0	0	0	0	6	0	0	0	0	0	0	0	0	0	0	6	0	0
chr5	51472597	51474411	-	0	10	0	0	0	0	0	0	6	7	0	0	0	0	0	0	0	0	0	0	0	0	0
chr5	53170356	53188082	-	0	6	0	20	0	0	0	16	0	0	0	19	0	0	0	7	0	0	0	14	0	0	0
chr5	53181721	53188082	-	0	7	0	18	0	0	0	22	6	0	0	38	9	8	0	24	0	0	0	18	7	0	0
chr5	53199900	53200471	-	0	0	0	6	0	0	0	16	0	0	0	29	0	6	0	12	0	0	0	15	8	0	0
chr5	54102574	54105398	+	0	6	0	0	0	0	8	0	0	6	0	7	0	0	0	0	0	0	0	0	0	0	0
chr5	57913155	57942262	+	0	16	0	0	6	0	0	0	9	8	0	0	9	7	0	0	0	0	0	0	20	0	6
chr5	65565988	65594548	+	0	22	74	29	12	20	30	51	0	15	39	85	9	22	40	61	8	12	54	46	19	11	40
chr5	71006106	71034797	-	0	0	0	0	0	0	0	0	0	7	0	0	13	18	0	0	0	6	0	0	13	11	6
chr5	71007922	71034797	-	0	6	0	0	0	0	0	0	0	6	8	0	0	11	15	0	0	0	8	0	0	0	0
chr5	71623854	71642326	-	0	14	6	0	14	7	27	0	9	0	6	0	0	14	0	0	0	0	7	0	19	6	0
chr5	73194985	73221072	-	0	12	11	0	0	0	0	0	0	7	0	0	0	0	6	0	0	0	8	0	0	6	6
chr5	73510885	73534697	+	0	29	25	0	27	19	0	6	21	14	27	22	30	48	0	9	15	24	25	9	39	26	11
chr5	73510885	73544155	+	0	12	0	0	0	10	0	0	0	0	0	7	8	10	0	0	9	8	0	0	8	7	0
chr5	73520115	73534697	+	0	9	8	0	0	0	0	0	9	7	8	0	0	9	0	0	0	0	0	0	8	0	0
chr5	73520115	73544155	+	0	15	0	0	0	0	0	0	0	0	0	6	6	0	0	0	0	0	0	0	10	7	0
chr5	81646409	81663424	+	0	0	0	0	7	8	0	0	0	0	0	6	0	0	0	0	0	6	0	0	10	0	0
chr5	81688508	81694627	+	0	0	7	0	0	0	0	0	0	0	0	0	0	0	0	7	0	0	7	0	0	0	0
chr5	84331227	84331891	-	0	6	10	0	0	0	0	0	0	6	9	0	0	9	0	0	0	0	14	0	0	0	0
chr5	88934748	88954957	+	0	0	0	8	0	0	0	26	0	0	0	24	0	0	0	16	0	0	0	13	0	0	0
chr5	89057948	89156602	+	0	0	0	0	0	0	0	7	0	0	0	11	0	0	0	6	0	0	0	0	0	0	0
chr5	90287248	90298134	-	0	0	0	0	0	0	0	7	0	0	0	0	0	0	0	7	0	0	0	7	0	0	0
chr5	90946789	90974415	+	0	10	0	0	0	0	0	0	0	0	0	0	0	9	0	0	0	6	0	0	0	0	0
chr5	96106215	96134132	-	0	0	0	0	0	0	0	10	0	0	0	7	0	0	0	0	0	0	0	0	12	0	0
chr5	96128942	96134132	-	0	0	9	6	0	10	28	6	0	7	10	16	15	19	0	9	0	0	11	19	12	7	8
chr5	100475688	100485855	-	0	13	6	6	7	9	0	7	7	10	0	6	0	16	8	0	0	0	0	8	6	6	0
chr5	101781374	101798516	+	0	11	12	0	7	0	0	0	0	7	11	26	6	9	18	0	0	0	7	8	8	8	10
chr5	103885906	103886290	-	0	0	6	0	0	0	0	9	0	0	0	10	0	0	0	0	0	0	0	6	11	0	0
chr5	105891117	105911508	+	0	7	0	0	7	0	0	7	0	0	6	13	7	6	11	6	6	0	8	9	13	8	0
chr5	106619539	106638635	-	0	0	0	7	0	0	0	14	0	0	0	12	0	0	0	0	0	0	0	0	0	0	0
chr5	106634830	106638635	-	0	9	14	15	7	9	0	29	0	11	16	42	0	14	23	7	0	0	12	32	10	16	17
chr5	106634830	106666845	-	7	8	12	21	8	10	0	15	0	0	9	46	6	14	0	13	16	0	0	0	11	7	0
chr5	107764675	107790508	-	0	20	6	10	0	0	0	11	8	0	6	18	0	12	0	0	0	7	0	12	10	9	0
chr5	107788198	107799260	-	0	21	12	0	6	0	0	0	6	6	7	0	0	6	0	0	0	0	11	0	13	0	12
chr5	110265511	110267265	-	0	0	0	6	0	0	0	0	0	0	0	12	0	12	0	0	0	0	0	0	0	11	0
chr5	110755396	110756766	-	33	32	19	16	6	10	0	20	8	13	6	30	9	15	0	18	0	6	10	17	14	0	11
chr5	117500712	117505639	+	0	32	22	32	22	37	26	39	44	43	33	81	47	68	0	35	15	28	23	40	57	31	16
chr5	118092495	118095729	-	0	10	0	12	6	7	0	13	0	0	0	10	11	6	0	11	0	6	0	12	11	0	0
chr5	118593332	118593570	+	0	38	49	56	49	35	0	118	34	76	39	206	51	86	10	99	34	58	26	98	80	47	24
chr5	121745722	121749229	+	0	0	6	0	0	0	0	9	0	0	0	0	8	0	0	8	0	0	0	0	9	0	6
chr5	123099836	123104511	+	0	0	6	6	0	0	0	8	6	0	0	11	0	7	0	0	0	0	0	6	0	0	0
chr5	123707268	123717058	-	0	14	0	8	0	0	0	0	0	8	0	11	0	0	0	6	0	0	0	8	11	10	0
chr5	123744954	123745589	-	0	24	21	18	10	9	0	24	16	19	11	55	10	28	0	42	12	11	8	26	17	12	0
chr5	124378469	124387589	-	0	7	0	12	0	0	0	8	0	0	0	19	0	8	0	0	0	0	0	0	11	0	0
chr5	128268491	128269377	-	0	47	12	0	15	7	10	0	14	0	14	0	23	11	9	0	6	9	11	0	20	6	0
chr5	130187400	130191043	+	0	28	13	0	11	8	0	8	7	15	9	12	18	34	8	6	9	16	10	8	29	18	0
chr5	130187400	130198116	+	0	14	0	0	8	7	0	8	6	9	0	13	0	18	0	6	0	0	0	7	14	8	0
chr5	132258923	132259136	-	0	8	14	0	0	7	37	8	10	13	18	7	0	11	0	8	0	13	22	7	10	0	0
chr5	134496228	134500149	-	0	7	0	0	0	0	0	0	0	7	0	0	0	9	0	0	0	0	0	0	0	0	0
chr5	136332623	136340137	-	0	0	0	0	6	0	0	0	0	0	0	0	0	0	0	7	7	0	0	0	0	0	0
chr5	146259504	146271735	+	0	21	12	12	14	13	0	20	15	15	9	26	0	29	0	12	10	14	8	15	26	14	0
chr5	146259504	146286239	+	0	6	0	0	0	0	0	0	0	0	0	9	0	9	0	0	0	0	0	0	0	0	0
chr5	147450652	147455188	+	47	29	26	49	16	18	0	84	9	22	25	109	14	40	10	65	0	23	16	64	35	23	16
chr5	147450652	147488258	+	0	0	0	0	0	0	0	9	0	0	0	9	0	8	0	0	0	0	0	9	0	0	0
chr5	148076179	148083197	+	0	0	0	0	0	0	0	0	0	0	0	10	0	8	0	0	0	0	0	0	7	0	0
chr5	150433516	150434863	+	0	0	0	0	0	0	0	7	0	6	0	14	0	7	0	0	0	7	0	6	11	0	0
chr5	150643168	150647548	-	0	9	7	0	0	0	0	0	0	8	0	0	0	11	0	0	0	8	0	0	9	0	0
chr6	3522682	3562358	+	0	0	0	0	0	0	0	10	15	0	0	0	7	0	0	0	0	0	0	0	0	6	0
chr6	3545509	3578915	+	0	0	0	0	0	0	0	0	0	0	0	6	0	7	0	0	0	0	0	7	0	0	0
chr6	4707073	4719496	-	0	0	0	7	7	0	0	7	0	0	0	9	0	0	0	6	0	0	0	0	0	0	0
chr6	5100431	5115480	+	0	26	6	8	17	0	0	9	6	0	0	11	0	13	0	0	0	10	0	0	12	0	0
chr6	5800774	5923290	+	0	0	15	0	0	0	0	0	0	0	11	0	0	0	0	0	0	0	14	0	0	0	0
chr6	5913315	5923290	+	0	0	17	0	0	0	24	0	0	8	24	8	0	0	26	0	0	0	8	0	9	0	0
chr6	8537816	8558586	+	0	0	0	0	0	0	0	0	0	0	0	9	0	0	0	0	0	0	10	7	0	0	10
chr6	8537816	8573298	+	0	10	10	0	0	0	0	9	0	0	8	8	0	0	9	0	0	0	6	0	14	0	0
chr6	8537816	8579739	+	0	40	18	10	19	18	12	16	21	16	10	16	19	20	0	10	13	12	14	16	35	10	6
chr6	8537816	8582790	+	12	78	41	24	40	19	9	28	25	12	22	40	25	36	0	22	18	10	18	25	46	21	9
chr6	8737016	8758458	-	0	0	0	0	9	0	0	0	10	7	0	6	0	14	0	0	0	7	0	0	11	0	0
chr6	17844908	17886118	+	0	10	0	0	0	6	0	0	0	10	0	0	0	11	0	0	0	0	0	0	12	6	0
chr6	18448247	18502056	-	0	7	0	0	0	6	0	0	0	9	0	0	6	15	0	0	0	0	0	0	0	0	0
chr6	23287663	23323435	-	0	0	0	9	0	0	0	11	0	0	0	28	0	0	0	18	0	0	0	21	0	0	0
chr6	23287663	23390486	-	0	0	0	0	0	0	0	0	0	0	0	8	0	0	0	8	0	0	0	6	0	0	0
chr6	29870567	29890744	+	0	0	0	0	0	7	0	0	0	10	0	8	0	10	0	0	0	11	0	0	0	0	0
chr6	31418930	31433131	+	0	9	22	11	16	16	0	15	12	18	19	23	21	23	0	17	8	9	22	22	26	12	13
chr6	31418930	31451584	+	0	23	9	0	0	0	0	0	0	0	0	10	13	13	0	0	0	0	8	0	13	0	0
chr6	31418930	31459067	+	0	11	0	0	0	0	0	0	0	6	6	8	0	7	0	0	0	0	0	0	6	6	0
chr6	35077980	35080226	-	0	11	17	0	0	0	0	0	0	0	7	0	0	0	0	0	0	0	7	6	0	0	0
chr6	36913632	36937400	-	0	8	7	6	0	0	0	0	6	0	0	9	0	6	0	0	0	0	8	0	12	6	0
chr6	37000041	37058028	-	0	0	0	0	6	8	0	0	0	0	0	0	10	11	0	0	0	0	6	0	0	8	0
chr6	37029762	37058028	-	0	66	30	0	45	37	0	0	27	46	25	24	27	98	0	0	0	0	0	0	65	29	15
chr6	37903532	37931500	+	0	9	15	6	0	8	7	9	10	9	16	13	7	28	0	7	6	7	11	0	12	9	13
chr6	38440454	38470222	+	0	0	0	8	0	0	0	0	0	0	7	11	0	0	0	0	0	0	0	0	0	0	0
chr6	38440454	38491931	+	0	20	16	9	10	0	0	10	0	8	11	25	0	12	0	8	0	0	11	7	18	10	6
chr6	38461474	38470222	+	0	12	0	9	0	0	0	11	0	0	6	12	0	8	0	10	0	0	16	0	6	7	0
chr6	47501167	47502590	+	0	13	11	14	11	11	0	11	0	0	7	34	0	12	0	6	0	0	10	16	17	10	0
chr6	47540676	47577667	-	0	8	9	7	8	0	0	10	0	0	8	37	7	0	0	18	0	0	14	20	7	8	0
chr6	47576535	47577667	-	0	10	23	11	0	0	0	11	0	8	18	25	10	8	10	12	7	0	19	9	12	0	7
chr6	50143718	50163649	+	0	58	31	24	40	45	0	31	23	28	23	66	35	80	0	29	37	25	28	23	63	35	11
chr6	50143718	50183871	+	0	10	0	0	0	0	0	0	0	0	0	6	0	9	0	0	0	0	0	0	0	0	0
chr6	52619976	52630349	-	0	11	20	8	0	9	0	7	0	11	16	14	8	7	21	11	0	0	16	7	26	0	13
chr6	52721297	52758355	+	0	7	0	0	0	0	0	0	0	0	0	0	0	0	0	0	0	6	0	0	6	0	0
chr6	54194025	54220702	+	0	0	0	13	0	0	0	29	0	0	0	43	0	0	0	20	0	0	0	23	0	0	0
chr6	54215661	54220702	+	0	0	0	29	0	0	0	38	0	0	0	55	0	0	0	33	0	0	0	27	0	0	0
chr6	63908865	63931112	+	0	0	0	6	0	0	0	0	0	0	0	18	0	0	0	0	0	0	0	9	0	0	0
chr6	65855948	65870469	+	0	0	0	0	0	0	0	0	0	7	0	0	0	7	0	0	0	0	0	0	0	7	0
chr6	65862914	65901859	+	0	0	0	0	0	9	0	0	0	10	0	0	0	6	0	0	0	0	0	0	0	7	0
chr6	65869180	65901859	+	0	0	0	0	0	6	0	0	0	7	0	0	0	8	0	0	0	0	0	0	0	0	0
chr6	71599316	71607606	-	0	10	0	8	6	7	0	0	0	0	0	0	11	14	0	0	0	0	0	0	14	6	0
chr6	72128263	72132163	+	0	0	0	0	7	0	0	6	0	0	0	0	0	0	0	0	0	0	0	0	9	0	0
chr6	83402666	83404824	-	17	13	16	8	8	11	0	10	0	14	0	12	11	8	0	0	0	10	11	8	9	9	0
chr6	83954710	83957592	+	0	0	0	0	0	0	0	0	0	0	0	9	0	0	0	12	0	0	0	0	0	0	6
chr6	84989324	85005036	-	0	14	34	6	0	10	0	9	0	22	10	16	6	29	9	7	11	9	26	0	12	8	10
chr6	84989324	85011483	-	0	0	0	0	0	0	0	6	0	6	0	0	0	12	0	0	0	9	0	0	0	6	0
chr6	88355482	88358642	-	0	12	14	9	8	8	0	24	14	19	16	36	16	27	0	11	0	11	8	17	22	11	8
chr6	89567586	89569412	-	0	13	0	0	10	0	0	0	0	15	8	0	0	7	0	0	0	0	0	0	9	7	0
chr6	99003199	99016665	-	26	14	0	0	0	0	0	0	0	0	0	0	0	0	0	0	0	0	0	0	12	0	0
chr6	99632256	99651791	-	0	19	17	21	9	12	0	21	9	12	15	32	11	31	0	11	7	10	11	21	22	9	10
chr6	99636108	99651791	-	0	0	0	0	0	0	0	0	0	7	0	0	0	6	0	6	0	0	0	0	0	0	0
chr6	104701161	104728368	+	0	0	0	0	0	0	0	9	0	0	0	12	0	0	0	11	0	0	0	7	0	0	0
chr6	111358144	111359080	+	0	0	0	0	0	0	0	0	0	0	0	0	6	7	0	0	0	0	0	0	7	0	0
chr6	112672123	112681676	-	12	0	0	0	0	0	0	0	0	0	0	8	0	0	0	6	0	0	0	0	0	0	0
chr6	113789752	113796397	-	0	13	6	6	0	0	0	9	7	0	0	22	8	10	16	6	0	6	0	8	8	6	6
chr6	115637598	115644642	-	0	6	0	0	0	0	0	0	0	0	7	0	0	7	0	0	0	0	0	0	0	0	0
chr6	118776416	118780324	-	0	6	0	0	0	0	0	0	0	0	11	11	0	0	0	0	0	0	0	6	0	0	0
chr6	119052600	119057515	-	0	0	16	0	0	7	0	0	0	6	8	8	6	6	0	0	0	0	0	0	0	6	11
chr6	119694570	119713811	-	0	0	0	12	0	0	0	9	0	0	0	8	0	0	0	10	0	0	0	0	0	0	0
chr6	119694570	119825209	-	0	0	0	0	0	0	0	6	0	0	0	9	0	0	0	0	0	0	0	12	0	0	0
chr6	119694570	119825819	-	28	0	0	10	0	0	0	14	0	0	0	13	0	0	0	9	0	0	0	6	0	0	0
chr6	119824385	119825819	-	0	0	9	0	0	0	0	0	0	0	0	7	0	0	0	6	0	0	0	6	0	0	0
chr6	119920109	119921028	+	20	146	50	45	47	34	0	89	27	68	35	122	51	71	0	102	30	42	46	75	71	41	23
chr6	120870765	120876346	+	0	10	6	0	0	6	0	9	0	11	6	8	6	8	0	6	0	7	7	10	13	12	0
chr6	125790240	125815599	+	0	0	8	0	0	0	0	0	0	0	7	0	0	0	0	0	0	0	8	0	0	0	0
chr6	127468031	127478129	+	0	9	9	0	0	8	0	0	0	0	6	9	0	14	0	0	0	0	0	0	8	0	0
chr6	134506195	134513419	-	0	22	15	13	7	6	15	18	7	0	0	36	6	13	0	12	12	0	13	15	6	6	10
chr6	134541651	134542045	-	0	16	18	9	0	8	0	11	7	6	8	23	9	24	0	12	7	0	20	10	0	0	12
chr6	134758618	134761434	-	38	0	6	11	0	0	0	14	0	0	6	22	0	6	0	17	0	0	0	12	7	0	6
chr6	135772192	135780336	-	0	24	7	0	15	12	0	0	9	11	8	0	11	25	0	0	0	9	11	0	21	8	9
chr6	135922871	135923470	-	0	8	0	0	6	0	0	0	0	0	0	0	0	8	0	0	0	0	8	0	8	0	0
chr6	140543719	140556070	+	0	51	13	89	7	16	0	139	23	22	6	248	20	32	9	154	13	23	7	119	19	15	0
chr6	140543719	140563648	+	0	0	0	15	6	0	0	21	0	9	0	26	0	0	0	12	0	0	0	12	6	0	0
chr6	140543719	140568881	+	110	39	0	63	0	27	0	104	0	26	0	220	23	39	0	117	13	16	0	73	19	0	0
chr6	143029159	143041543	-	0	7	0	6	0	0	0	0	0	0	0	0	0	0	0	0	0	0	0	0	7	0	0
chr6	143029159	143072694	-	0	16	15	16	7	10	0	14	8	8	10	25	0	0	0	21	0	8	8	10	11	0	7
chr6	143180586	143197565	+	0	0	0	0	0	0	0	0	0	0	0	0	0	6	0	9	0	0	0	6	0	0	0
chr6	144116443	144155223	-	0	9	0	0	0	0	0	6	0	0	0	0	6	9	0	0	0	0	0	0	7	0	0
chr6	145032782	145039635	-	0	7	9	0	0	0	0	0	0	0	0	0	0	6	0	0	0	0	8	0	0	0	9
chr7	14578735	14609339	-	0	0	14	6	11	18	0	0	12	11	19	10	26	21	26	0	7	9	28	0	22	17	17
chr7	16883126	16883510	+	0	0	0	0	0	0	0	0	6	0	0	9	0	8	0	0	0	0	0	0	8	0	0
chr7	18942215	18950619	+	0	13	0	0	0	0	0	8	10	8	0	0	10	11	0	0	0	0	0	0	13	0	0
chr7	34244965	34245978	-	0	0	6	0	0	0	0	0	0	0	0	0	0	0	17	0	0	0	0	0	10	0	0
chr7	44915840	44916470	-	0	12	7	8	8	0	0	9	0	9	14	34	13	13	0	7	0	0	8	13	9	0	0
chr7	46515667	46635556	-	0	0	0	0	0	0	0	7	0	0	6	15	8	16	0	0	0	0	6	0	0	0	0
chr7	46590606	46635556	-	0	80	18	33	40	19	0	66	29	29	17	81	34	55	26	46	11	17	34	37	63	28	11
chr7	46614617	46635556	-	0	6	6	0	0	0	0	11	0	7	7	16	11	0	0	6	0	0	7	9	9	0	0
chr7	46901026	46903588	-	0	0	6	0	0	0	0	8	7	0	0	10	6	12	0	0	0	7	7	9	6	0	0
chr7	48799828	48805694	+	0	7	0	0	0	6	0	0	0	0	0	0	0	7	0	0	0	0	0	0	10	0	0
chr7	51887911	51897372	+	0	7	0	0	0	0	0	0	0	0	0	0	0	11	0	0	0	0	6	0	6	0	0
chr7	51887911	51953301	+	0	15	0	0	0	0	0	0	0	0	0	7	7	12	0	0	0	0	0	0	8	0	0
chr7	56100078	56106532	+	0	8	6	0	0	0	0	0	8	0	6	0	7	9	0	7	0	0	0	0	9	0	0
chr7	59284025	59317973	-	0	0	0	0	0	0	0	0	0	0	0	9	0	6	0	0	0	0	0	8	0	0	0
chr7	65326261	65337146	-	0	7	0	7	0	0	0	6	0	0	0	0	0	0	0	0	0	0	0	0	7	0	0
chr7	67264864	67268400	-	0	0	12	9	0	0	0	0	0	0	10	14	0	0	0	0	0	0	0	13	0	0	0
chr7	68003809	68004355	+	31	19	13	7	7	9	0	11	9	6	0	25	6	12	12	13	9	10	10	17	21	0	6
chr7	73514089	73519708	-	0	8	11	0	0	0	0	0	0	0	0	8	6	0	0	0	0	0	0	0	6	0	0
chr7	75136297	75149088	-	0	17	0	15	16	9	0	21	14	25	0	31	17	24	0	7	7	17	0	21	27	10	0
chr7	75206089	75206922	-	0	0	0	9	0	0	0	17	0	0	0	20	6	8	0	0	0	0	0	13	8	0	0
chr7	78247154	78250873	-	0	6	0	0	0	0	0	6	0	0	0	8	0	9	0	0	0	0	0	0	0	0	0
chr7	78247154	78260414	-	0	6	0	12	0	0	0	17	0	8	0	21	0	11	0	8	0	6	0	8	9	11	0
chr7	78356026	78462942	-	0	8	0	0	6	6	0	0	7	8	0	37	6	9	0	9	0	12	0	8	8	6	0
chr7	78450886	78462942	-	10	10	8	20	0	9	0	19	0	7	0	32	0	12	0	21	0	6	0	18	12	0	0
chr7	80396928	80398928	-	0	0	0	0	0	0	0	11	0	0	0	8	0	0	0	7	0	0	0	0	0	0	0
chr7	81484425	81485109	-	0	0	16	7	0	0	0	9	6	7	8	23	10	16	0	0	0	0	8	0	17	7	6
chr7	81893798	81905636	-	0	103	65	15	19	9	0	45	31	39	40	77	30	22	0	27	11	30	14	44	49	7	20
chr7	87596115	87603201	+	0	6	0	0	0	0	0	0	0	0	0	0	8	11	0	0	0	0	0	0	10	9	0
chr7	88074190	88075130	+	0	10	0	0	7	0	0	0	0	6	0	0	0	16	0	0	0	7	0	0	0	0	0
chr7	89955530	89962361	-	0	0	0	0	0	0	0	6	0	0	11	11	0	6	0	0	0	0	10	0	0	0	0
chr7	90160447	90197020	+	0	0	0	0	0	0	0	7	0	0	0	6	0	0	0	0	0	0	0	7	0	0	0
chr7	92645989	92665865	-	0	0	12	30	8	11	0	16	8	0	0	54	0	10	0	0	7	6	14	0	10	14	0
chr7	97023617	97040036	+	0	0	0	0	0	0	0	0	0	0	0	6	0	9	0	0	0	0	0	0	7	0	0
chr7	97660812	97664766	+	0	16	7	7	0	0	0	6	0	0	0	22	0	9	0	18	0	10	11	14	10	0	0
chr7	97883471	97889020	+	0	0	8	10	0	0	0	11	0	0	0	11	0	0	0	9	0	0	0	6	0	0	0
chr7	97883471	97894013	+	0	15	10	8	0	0	0	16	0	11	7	26	0	11	0	18	0	0	6	11	8	0	0
chr7	98243948	98266247	-	0	10	0	18	11	20	0	9	8	0	0	33	8	19	0	12	0	0	18	14	29	20	0
chr7	99935161	99955540	-	0	121	47	22	50	39	0	39	33	66	35	59	60	75	17	39	27	38	42	27	69	40	18
chr7	107425046	107436821	+	0	0	0	8	0	0	0	8	0	0	0	6	0	0	0	0	0	0	0	0	0	0	0
chr7	110027070	110031766	+	0	0	0	0	0	0	0	0	0	0	6	0	0	0	0	0	0	0	0	0	7	6	0
chr7	110399295	110422554	-	0	13	0	0	0	0	6	0	0	12	0	7	0	0	0	0	0	0	0	0	0	0	0
chr7	114058539	114060419	-	0	12	6	9	0	7	0	0	0	16	9	9	0	22	0	6	0	8	0	7	17	0	0
chr7	114319452	114321251	-	0	24	0	0	21	10	0	0	18	34	0	0	20	36	0	0	0	9	0	0	36	14	0
chr7	116359995	116368189	-	0	10	10	7	8	0	12	0	0	0	0	17	0	0	0	0	0	0	6	0	0	0	0
chr7	116387843	116391393	-	0	0	0	8	0	7	0	10	0	0	7	17	0	13	0	0	0	0	0	0	0	0	0
chr7	121047837	121057399	+	0	34	49	23	40	20	0	38	23	35	46	55	39	63	20	32	25	7	55	25	60	22	44
chr7	121052086	121057399	+	0	10	6	0	0	8	0	13	6	0	7	12	6	0	15	0	0	0	9	0	0	0	0
chr7	122516828	122518179	+	0	9	0	0	0	0	0	9	0	7	0	18	9	7	0	0	0	0	0	6	9	0	0
chr7	122516828	122528572	+	0	15	7	0	0	6	0	6	0	0	0	7	0	0	0	0	0	0	0	0	10	0	0
chr7	126551974	126552338	-	0	10	0	0	0	6	0	7	10	11	8	17	12	7	0	6	0	0	0	0	0	0	0
chr7	127484541	127486889	+	0	13	7	0	0	0	0	0	0	0	0	0	0	0	0	0	0	8	0	0	8	0	0
chr7	130241199	130242644	-	0	0	10	0	0	0	0	0	0	0	8	0	0	0	7	0	0	0	9	0	0	0	0
chr7	130503721	130516168	-	0	0	0	0	6	0	0	0	0	0	0	0	7	0	0	0	0	0	0	0	10	0	0
chr7	130504693	130516168	-	0	6	0	0	6	0	0	0	0	0	0	0	6	0	0	0	0	0	0	0	8	0	0
chr7	132759388	132760167	-	0	0	0	8	6	0	0	7	0	0	0	12	0	0	0	6	0	0	0	12	0	0	0
chr7	132759388	132779385	-	0	0	0	8	6	9	0	11	9	0	0	15	15	0	0	7	0	7	0	0	16	0	0
chr7	132771577	132779385	-	0	10	0	12	0	0	0	25	6	9	0	29	7	14	0	11	0	0	0	22	12	0	0
chr7	132948043	132950435	+	28	23	37	66	12	10	0	101	6	11	18	153	13	27	0	103	0	10	28	95	24	13	14
chr7	132949584	132973623	+	0	0	0	6	0	0	0	0	0	0	0	10	0	0	0	0	0	0	0	6	0	0	0
chr7	132966506	132973623	+	0	0	8	0	0	0	0	6	0	0	0	10	0	0	0	0	0	0	0	0	0	0	0
chr7	133025712	133081860	-	0	0	0	0	0	0	0	0	0	0	0	11	0	0	0	6	0	0	0	6	0	0	0
chr7	141987750	141988436	+	0	10	0	13	9	0	0	24	0	6	0	38	0	13	0	20	0	0	0	15	6	10	0
chr7	141987750	141992300	+	0	29	10	15	13	11	0	23	9	11	0	36	14	30	0	24	10	0	0	26	21	8	0
chr8	3258382	3258934	-	0	15	17	7	13	8	10	7	6	0	7	19	0	14	0	0	0	0	12	0	13	6	0
chr8	10396850	10413290	+	0	0	20	0	0	0	0	0	0	0	17	0	0	0	0	0	0	0	16	0	6	0	15
chr8	14773233	14778415	+	0	10	0	0	0	0	0	0	0	0	0	0	0	0	0	0	0	0	0	0	6	7	0
chr8	16023738	16037308	-	0	9	0	0	7	0	0	0	14	0	0	0	17	13	0	0	0	0	0	0	19	0	0
chr8	16697915	16710702	-	0	0	0	0	0	6	0	0	0	0	0	0	6	0	0	0	0	0	0	0	8	7	0
chr8	18641564	18689059	+	0	10	8	0	0	6	0	0	6	0	0	0	0	0	0	0	0	0	0	0	10	0	0
chr8	22414715	22421450	+	0	11	6	0	0	0	0	6	0	0	7	8	0	13	0	13	6	0	6	0	12	9	0
chr8	22535018	22545600	+	0	0	0	6	0	0	0	6	0	0	0	9	0	0	0	0	0	0	0	7	0	0	0
chr8	22646663	22647412	-	0	0	9	6	0	0	0	0	0	0	0	9	0	0	0	0	0	0	0	8	0	7	0
chr8	25640576	25649703	+	0	0	0	12	0	7	0	6	0	0	0	17	0	0	0	0	0	0	0	8	6	0	0
chr8	25792156	25793792	+	0	0	0	0	0	0	0	0	0	0	0	7	0	8	0	7	0	0	0	0	6	0	0
chr8	39063190	39071516	+	0	0	11	0	14	0	0	0	0	0	9	7	12	14	0	0	0	0	8	0	16	10	10
chr8	45759052	45775703	+	0	33	9	0	12	0	0	0	10	0	7	0	13	13	0	0	0	6	0	0	19	0	0
chr8	46080221	46116398	-	0	0	0	0	0	0	0	8	0	0	0	17	0	0	0	0	0	0	0	9	0	0	0
chr8	46103514	46116398	-	0	0	0	6	0	0	0	0	0	0	0	12	0	0	0	0	0	0	0	8	0	0	0
chr8	47513282	47514877	-	0	9	8	0	0	0	0	7	0	0	0	9	0	8	0	0	0	0	0	6	0	6	0
chr8	48367310	48417245	-	0	8	20	0	0	10	0	0	9	0	12	0	6	8	0	0	0	0	12	0	9	7	0
chr8	57583766	57584227	-	0	0	0	8	0	0	0	8	0	0	0	19	0	0	0	8	0	0	0	7	0	0	0
chr8	58427699	58536014	-	0	0	12	0	0	6	0	0	0	10	6	0	6	17	0	0	0	9	10	0	0	9	0
chr8	64779697	64834568	-	0	7	0	0	0	0	0	0	0	8	0	0	0	0	0	0	0	8	0	0	9	0	0
chr8	64811679	64834568	-	0	50	10	0	24	35	0	0	15	45	8	0	22	75	0	0	12	37	6	0	31	31	0
chr8	67713682	67720953	-	0	15	0	7	0	0	0	0	0	0	0	6	0	9	0	6	0	0	0	11	7	0	0
chr8	67741760	67758265	-	0	6	0	0	0	0	0	0	0	0	0	7	0	6	0	6	0	0	0	0	9	0	0
chr8	67882980	67908889	-	14	19	6	13	10	11	0	11	0	0	0	26	11	19	0	11	8	17	8	6	18	10	0
chr8	67904116	67908889	-	0	11	9	8	0	8	0	11	0	9	0	29	20	0	0	0	0	0	7	16	11	10	0
chr8	72367903	72380306	-	0	43	20	40	23	0	0	43	20	14	13	92	20	30	0	27	10	10	20	34	30	9	8
chr8	73214124	73214312	-	0	0	0	0	0	0	0	6	7	11	0	0	0	16	0	0	0	7	0	0	9	0	0
chr8	73214124	73340286	-	0	10	0	0	6	8	0	0	6	11	0	0	10	18	0	0	6	0	0	0	16	10	0
chr8	77310730	77365160	-	0	13	6	12	6	0	0	15	0	0	0	32	6	0	0	18	0	0	6	10	14	0	0
chr8	77344639	77351672	-	0	9	0	0	0	0	0	15	0	0	0	21	0	0	0	16	0	0	0	16	0	0	0
chr8	77344639	77358634	-	0	14	0	0	0	0	0	0	6	0	0	7	10	0	0	0	0	0	0	0	18	0	0
chr8	77344639	77365160	-	0	50	11	29	12	0	0	24	21	0	0	51	26	9	0	40	10	0	10	23	28	7	0
chr8	77384750	77411128	-	0	13	0	0	0	0	0	0	10	0	0	0	13	0	0	0	9	0	0	0	9	0	0
chr8	79060249	79076538	+	0	8	0	0	0	0	0	0	0	7	6	14	6	0	0	0	0	0	0	0	0	0	0
chr8	79060249	79092066	+	0	9	9	0	6	0	0	7	10	0	0	9	12	6	0	7	0	0	0	7	14	7	0
chr8	79118174	79120540	+	0	14	11	0	6	0	0	0	0	0	0	18	0	9	0	7	0	0	0	0	12	0	0
chr8	79118174	79136663	+	0	18	33	9	8	6	0	7	6	12	26	18	10	7	7	11	0	9	20	12	33	12	10
chr8	79371783	79372364	-	13	7	7	0	0	0	0	9	0	8	0	26	11	12	0	12	0	6	0	19	0	0	0
chr8	83233479	83236719	+	0	0	0	6	0	0	0	0	0	0	7	14	0	0	0	0	0	0	0	0	0	0	0
chr8	84583558	84588859	+	0	15	6	28	16	12	0	44	12	15	10	68	17	21	6	31	8	0	0	28	17	8	0
chr8	84611597	84612412	+	0	0	0	7	0	0	14	6	0	0	0	12	0	0	0	7	0	0	0	10	0	0	0
chr8	84721642	84772315	-	0	0	0	7	0	0	0	6	0	0	0	14	0	0	0	0	0	0	0	0	0	0	0
chr8	84771783	84772315	-	0	43	17	48	26	30	0	63	20	31	8	109	37	79	0	46	0	33	9	51	33	32	6
chr8	84864057	84864552	+	0	11	0	7	0	0	0	17	0	6	0	22	7	0	9	12	0	0	6	17	7	6	0
chr8	85875633	85879810	+	0	14	6	8	0	0	0	19	0	0	7	19	0	10	0	22	0	7	6	16	14	0	0
chr8	85875633	85901957	+	0	10	15	16	9	7	0	9	0	0	7	26	6	10	0	7	0	0	8	7	0	7	6
chr8	85875633	85922242	+	0	0	0	8	6	0	0	0	0	0	0	13	0	7	0	0	0	0	6	7	0	0	0
chr8	86631385	86673069	+	0	8	0	0	0	0	0	0	0	7	0	6	0	0	0	0	0	0	0	0	10	6	0
chr8	86860425	86862110	-	0	23	12	11	17	12	0	17	6	15	12	22	20	15	7	18	15	15	12	10	16	9	7
chr8	90932248	90933862	+	0	15	16	10	9	10	0	19	15	11	8	27	12	19	0	12	10	0	8	20	20	9	6
chr8	90932248	90956714	+	0	0	0	0	6	0	0	0	0	6	0	0	6	0	0	0	0	0	0	0	0	0	0
chr8	91468316	91485278	+	0	0	0	6	0	0	0	7	0	10	0	7	7	8	0	6	0	0	6	0	15	0	0
chr8	106078603	106079741	+	0	0	9	12	6	0	0	8	0	0	0	14	0	7	0	9	0	0	8	10	6	0	0
chr8	106981125	106981339	+	0	8	0	0	0	7	0	0	7	10	0	0	0	15	0	0	0	9	0	0	13	0	0
chr8	111918290	111918956	-	0	0	10	6	0	0	0	6	0	6	0	8	0	12	0	0	0	0	0	6	20	0	0
chr8	116623783	116624366	-	0	0	0	0	0	0	0	11	0	0	0	16	0	0	0	6	0	0	0	0	0	0	0
chr8	120553583	120553802	+	0	0	0	7	0	0	0	9	0	7	0	0	0	10	0	0	0	0	0	0	6	0	0
chr8	122908667	122916045	-	0	15	0	0	0	0	0	0	8	8	0	13	0	0	0	0	0	6	0	6	7	0	0
chr8	123382526	123383443	+	0	19	11	24	9	0	0	31	0	10	14	54	6	13	0	21	11	16	0	34	11	10	8
chr9	3441054	3460131	+	0	8	11	0	0	9	19	0	0	0	13	9	0	10	0	10	0	6	9	0	7	8	0
chr9	3579517	3582700	+	0	0	0	0	0	0	0	8	0	0	7	11	0	6	0	0	0	0	0	0	0	0	0
chr9	3634438	3635157	+	0	0	0	9	6	0	0	20	0	15	10	35	17	14	0	18	0	0	7	11	13	6	0
chr9	7023310	7050483	-	0	20	0	0	6	8	0	0	0	14	0	11	7	12	0	0	10	0	0	0	12	6	0
chr9	7186767	7189253	+	0	0	0	0	0	0	0	7	0	0	9	13	0	0	0	0	0	0	0	0	0	0	0
chr9	7825614	7827009	-	0	0	0	9	0	6	0	13	0	0	0	22	0	0	8	8	0	0	7	8	0	7	0
chr9	8634046	8658377	+	0	17	11	0	14	24	0	0	13	21	8	0	13	53	0	0	11	8	10	0	28	13	8
chr9	16374948	16378254	-	0	146	49	17	88	46	0	16	70	68	36	47	66	66	28	20	50	49	35	10	142	58	20
chr9	18295299	18302183	+	0	17	10	0	6	8	0	0	6	12	0	0	9	0	0	0	0	7	0	9	15	0	0
chr9	20473027	20476478	-	0	0	0	0	0	0	0	12	0	6	0	0	0	7	0	12	0	0	0	21	0	0	0
chr9	22036311	22036860	-	0	0	0	0	0	0	0	0	0	0	9	0	11	10	0	0	0	0	0	0	0	6	0
chr9	22490817	22514093	+	0	8	0	0	0	0	0	7	0	0	0	12	0	8	0	7	0	0	0	6	8	0	0
chr9	22643744	22679064	+	0	22	10	0	12	7	0	6	11	11	14	14	14	13	0	0	0	0	10	0	28	7	6
chr9	22655224	22679064	+	0	8	0	0	7	0	0	0	0	0	0	0	0	0	0	0	0	0	0	0	7	0	0
chr9	32153039	32208265	+	0	39	6	0	28	18	0	0	24	22	0	0	21	52	0	0	0	15	0	0	54	20	7
chr9	32181841	32190061	+	0	17	14	0	13	6	0	6	0	10	20	0	13	17	6	0	7	9	18	0	13	9	10
chr9	32181841	32208265	+	0	9	7	0	8	0	0	0	9	0	9	0	6	10	0	7	0	0	7	0	10	11	0
chr9	42057270	42072346	-	0	0	0	21	0	0	0	24	0	0	0	46	0	9	0	23	0	7	0	23	8	0	0
chr9	42063714	42072346	-	0	0	0	6	0	0	0	0	0	0	0	9	0	0	0	7	0	0	0	7	0	0	0
chr9	42437114	42443075	-	0	9	10	0	6	12	0	6	0	11	6	23	0	8	0	10	0	0	0	9	0	8	0
chr9	42437114	42444588	-	0	0	9	0	0	9	0	7	0	9	0	12	0	14	0	0	0	0	9	7	6	9	0
chr9	44158513	44164889	-	0	8	6	0	0	0	0	0	0	0	0	6	6	0	0	0	0	0	0	0	8	0	0
chr9	44828783	44829271	-	0	17	17	13	13	0	0	23	14	10	13	25	10	19	0	24	0	12	8	14	25	11	18
chr9	49506852	49507653	-	0	24	17	10	12	13	19	10	0	11	11	13	9	8	0	10	8	6	12	6	20	7	6
chr9	54374652	54382721	-	0	0	0	10	0	0	0	12	0	6	0	21	9	14	0	0	0	0	0	6	7	8	7
chr9	55685879	55859918	-	0	0	0	0	6	6	0	7	0	0	0	10	0	0	8	0	0	0	0	0	0	0	0
chr9	55807012	55859918	-	0	7	6	13	0	0	0	18	0	9	0	27	6	11	0	12	0	0	0	15	6	0	0
chr9	55838119	55859918	-	20	28	12	24	11	8	0	20	11	7	11	62	12	11	6	42	0	11	13	35	18	0	6
chr9	55858080	55859918	-	0	6	0	0	0	0	0	14	0	0	0	18	0	6	0	9	0	0	0	6	0	0	0
chr9	56145488	56147578	-	0	0	0	0	0	0	0	0	0	0	7	9	0	6	0	0	0	0	0	0	0	9	0
chr9	56257526	56260762	-	0	0	0	13	0	0	0	13	0	0	0	14	0	0	0	8	0	0	0	13	0	0	0
chr9	59426122	59454469	-	0	0	0	0	0	0	0	0	0	10	14	0	11	19	0	0	0	0	0	0	0	0	0
chr9	59779542	59790092	+	0	12	0	0	6	0	0	0	0	0	0	0	0	0	0	0	0	0	0	0	12	0	0
chr9	59801913	59832308	+	0	10	0	0	0	0	0	0	0	0	0	9	0	0	0	0	0	0	0	8	0	0	0
chr9	59801913	59843138	+	0	23	8	13	11	0	0	0	7	9	0	15	18	17	0	10	7	8	0	9	11	6	0
chr9	62068384	62070613	-	0	0	0	0	0	0	0	0	8	0	0	9	0	0	0	0	0	0	0	6	7	0	0
chr9	62068384	62088519	-	0	18	0	17	9	6	0	12	10	0	0	15	9	12	0	14	0	0	0	9	14	0	0
chr9	62912749	62923655	-	31	0	9	0	0	6	0	0	0	0	0	12	7	11	0	0	0	6	16	0	7	7	0
chr9	63616685	63619231	+	23	57	20	17	31	31	0	21	27	45	22	25	39	75	0	12	21	31	15	16	44	33	9
chr9	64204430	64214609	-	0	0	10	0	0	6	20	0	6	9	13	10	7	15	0	0	0	0	11	0	8	0	0
chr9	64501522	64508808	+	0	0	0	0	0	0	0	11	0	0	0	9	0	0	0	9	0	0	0	0	0	0	0
chr9	65794621	65795495	-	45	107	73	52	47	48	16	77	25	47	40	155	62	103	14	68	30	35	59	61	53	33	34
chr9	66540061	66547955	-	0	0	0	0	0	0	0	7	0	0	0	13	0	0	0	6	0	0	0	9	0	0	0
chr9	66540061	66566903	-	0	23	55	67	0	10	0	108	0	15	39	178	20	25	0	94	11	0	40	91	33	6	30
chr9	66562553	66566903	-	0	0	0	0	0	0	0	10	0	0	0	10	0	0	0	6	0	0	0	7	0	0	0
chr9	67876226	67890389	+	0	6	0	0	0	0	0	0	0	0	0	9	0	0	0	0	0	0	0	0	0	6	0
chr9	70559036	70562861	+	0	0	0	0	0	0	0	13	0	0	14	0	17	0	0	23	0	0	0	0	0	10	0
chr9	70703286	70722771	+	0	0	0	15	0	6	0	15	8	8	0	38	11	15	0	11	0	0	0	12	11	0	0
chr9	72591750	72593360	+	0	0	10	15	0	0	0	25	0	0	14	33	0	11	0	16	0	0	6	26	18	0	9
chr9	75116185	75123055	+	0	8	0	0	11	0	0	6	0	0	0	7	10	6	0	0	0	0	0	6	11	0	0
chr9	76056170	76084491	+	0	0	6	0	0	0	0	0	0	0	0	9	0	0	0	6	0	0	0	0	9	0	0
chr9	77164764	77190737	-	0	25	6	0	16	7	0	0	13	21	0	0	22	27	0	0	9	8	6	0	37	9	0
chr9	77164764	77217048	-	0	31	0	0	13	0	0	0	0	13	0	0	21	27	0	0	0	8	0	0	24	9	0
chr9	77164764	77230954	-	0	10	0	0	0	0	0	0	10	7	0	0	6	6	0	0	0	7	0	0	12	0	0
chr9	77164764	77231029	-	0	23	0	0	19	10	0	0	9	7	0	0	7	0	0	0	7	0	0	0	15	0	0
chr9	77216976	77230954	-	0	23	0	0	10	0	0	0	13	0	0	0	14	0	0	0	14	0	0	0	11	0	0
chr9	77229484	77230954	-	0	39	0	0	16	18	0	0	12	14	0	0	22	16	0	0	11	7	0	0	34	0	0
chr9	77229484	77231029	-	0	32	0	0	12	0	0	0	13	8	0	0	14	7	0	0	0	0	0	0	13	0	0
chr9	82926396	82933067	-	0	0	0	0	0	0	0	7	0	0	0	10	0	6	0	6	0	0	0	0	0	0	0
chr9	82926396	82959851	-	0	8	0	0	0	0	0	9	0	0	0	10	0	11	0	0	0	0	0	0	10	0	0
chr9	82945757	82959851	-	0	0	0	0	0	0	0	10	0	0	7	17	0	10	0	0	0	0	0	9	0	6	0
chr9	83952523	84012619	+	0	0	0	0	7	0	0	7	0	0	0	7	0	0	0	0	0	0	0	0	7	0	0
chr9	83988775	84012619	+	0	14	7	0	7	0	0	8	0	14	8	16	15	21	0	6	0	0	6	10	16	8	0
chr9	86372340	86440754	-	13	8	0	0	0	0	0	6	7	0	0	7	0	7	0	0	0	0	0	0	0	0	0
chr9	86835108	86839654	-	0	0	6	0	0	0	0	0	0	0	0	9	0	0	0	0	0	0	6	0	0	7	0
chr9	96340201	96345893	-	0	0	0	10	0	0	0	9	0	0	0	15	6	10	0	8	0	0	0	8	0	0	0
chr9	96582742	96611499	-	0	8	0	0	0	0	0	0	0	8	15	0	8	20	0	0	0	0	7	0	0	0	0
chr9	96591949	96611499	-	0	113	328	69	73	61	99	97	54	84	235	137	92	126	127	108	40	34	290	99	173	61	152
chr9	96602712	96611499	-	0	22	64	21	20	18	39	41	13	15	60	84	35	37	58	30	10	6	87	26	23	15	53
chr9	100705152	100712540	+	0	0	0	0	0	0	0	13	7	7	6	8	0	0	0	10	0	0	0	13	6	0	6
chr9	100705152	100738142	+	19	15	0	15	6	0	0	0	0	7	0	6	12	22	0	9	0	0	0	7	9	0	0
chr9	100705152	100757786	+	14	9	0	7	6	0	0	0	0	0	0	12	11	9	0	0	0	0	0	0	0	0	0
chr9	100705152	100803354	+	0	0	0	8	7	0	0	6	0	0	0	8	0	0	0	0	9	0	9	0	7	0	0
chr9	100776755	100803354	+	0	7	0	13	0	0	0	20	0	0	0	29	0	0	0	0	6	0	0	10	0	0	0
chr9	102194773	102195455	-	0	0	0	7	0	0	0	8	0	0	0	19	0	0	0	8	0	0	0	0	0	0	0
chr9	103140381	103163903	+	0	7	0	0	0	0	0	0	9	7	6	0	0	0	0	0	0	10	0	0	7	0	0
chr9	105422942	105467817	-	0	0	0	0	0	0	0	0	0	7	6	0	7	10	0	0	0	0	0	0	0	0	0
chr9	106985993	107006879	-	0	6	9	8	11	10	0	7	6	0	0	15	0	0	0	7	8	0	15	7	19	0	0
chr9	108528588	108534618	+	0	10	6	6	0	0	0	8	0	0	8	11	0	9	0	0	0	0	0	0	8	0	0
chr9	108528588	108544977	+	0	0	8	7	0	0	0	0	0	0	0	11	0	6	0	0	0	0	6	6	0	9	0
chr9	108533586	108534618	+	0	9	8	0	10	0	0	0	0	11	8	7	6	8	28	6	0	7	6	0	6	8	0
chr9	112176094	112187766	-	0	7	12	0	0	0	0	0	0	0	6	6	9	0	0	0	10	0	7	0	11	0	7
chr9	120432352	120441581	+	0	20	0	0	13	6	0	0	0	0	0	8	6	12	0	0	0	7	0	0	21	0	0
chr9	120453526	120464961	+	0	11	0	0	10	0	0	0	6	10	0	0	11	7	0	0	8	0	0	0	8	6	0
chr9	121727315	121731565	+	0	0	0	0	10	7	0	0	0	11	0	0	7	14	0	0	0	0	8	0	15	6	0
chr9	122131892	122137601	+	0	35	55	183	11	0	0	276	13	15	37	434	31	44	0	263	9	11	45	231	43	0	28
chr9	122136905	122137601	+	0	8	0	13	0	0	0	18	0	0	0	27	0	0	0	15	0	0	0	16	0	0	0
chr9	122856698	122857161	-	0	0	0	6	6	0	0	11	0	0	0	19	7	8	0	7	0	0	0	8	9	0	0
chrX	20186059	20188920	-	0	0	0	8	0	0	0	8	0	0	0	19	0	0	0	8	0	0	0	6	0	0	0
chrX	20376880	20381819	+	0	0	0	11	6	0	0	8	9	7	0	16	10	11	11	0	0	0	8	7	6	0	0
chrX	47811157	47887198	-	0	20	0	0	0	0	0	7	9	12	9	0	12	8	0	8	0	0	0	11	22	15	0
chrX	47930370	47948360	+	0	6	0	0	0	0	0	0	0	0	0	9	0	9	0	0	0	0	0	0	6	0	0
chrX	69544408	69545269	+	0	18	0	0	0	0	0	0	7	8	0	0	12	11	0	0	0	6	0	0	0	8	0
chrX	94098282	94102380	-	0	14	0	15	0	6	0	24	6	6	10	29	8	13	0	24	0	0	6	20	23	11	7
chrX	94098282	94114263	-	0	21	14	0	0	0	0	20	13	6	0	16	13	17	0	12	0	0	0	0	20	0	0
chrX	101213773	101215578	-	0	0	0	11	7	10	0	10	7	8	8	12	10	9	0	9	0	0	9	10	17	0	0
chrX	144346681	144349419	+	0	0	0	8	0	0	0	11	0	0	0	19	0	10	0	0	0	0	0	8	8	0	0
chrX	157990107	157996684	-	0	10	0	6	6	6	0	8	0	0	0	12	8	10	0	10	0	0	0	6	8	10	0
chrX	159919757	159966482	+	0	12	9	0	0	0	0	0	8	0	0	0	7	6	0	0	0	0	6	0	10	0	0
